-- phpMyAdmin SQL Dump
-- version 5.2.1
-- https://www.phpmyadmin.net/
--
-- Host: 127.0.0.1
-- Generation Time: Jan 19, 2026 at 02:03 PM
-- Server version: 10.4.32-MariaDB
-- PHP Version: 8.2.12

SET SQL_MODE = "NO_AUTO_VALUE_ON_ZERO";
START TRANSACTION;
SET time_zone = "+00:00";


/*!40101 SET @OLD_CHARACTER_SET_CLIENT=@@CHARACTER_SET_CLIENT */;
/*!40101 SET @OLD_CHARACTER_SET_RESULTS=@@CHARACTER_SET_RESULTS */;
/*!40101 SET @OLD_COLLATION_CONNECTION=@@COLLATION_CONNECTION */;
/*!40101 SET NAMES utf8mb4 */;

--
-- Database: `shop_db`
--

-- --------------------------------------------------------

--
-- Table structure for table `banner`
--

CREATE TABLE `banner` (
  `MaBanner` int(11) NOT NULL,
  `UrlBanner` varchar(255) DEFAULT NULL,
  `IdLienKetSP` int(11) DEFAULT NULL,
  `ThuTu` int(11) DEFAULT NULL,
  `Status` tinyint(1) DEFAULT 1
) ENGINE=InnoDB DEFAULT CHARSET=utf8mb4 COLLATE=utf8mb4_general_ci;

--
-- Dumping data for table `banner`
--

INSERT INTO `banner` (`MaBanner`, `UrlBanner`, `IdLienKetSP`, `ThuTu`, `Status`) VALUES
(1, 'banner1.png', 1, 1, 1),
(2, 'banner2.png', 1, 1, 1),
(3, 'banner3.png', 1, 1, 1),
(4, 'banner4.png', 1, 1, 1);

-- --------------------------------------------------------

--
-- Table structure for table `chitietgiohang`
--

CREATE TABLE `chitietgiohang` (
  `MaCTGH` int(11) NOT NULL,
  `MaGH` int(11) DEFAULT NULL,
  `MaCTSP` int(11) DEFAULT NULL,
  `SoLuong` int(11) DEFAULT NULL,
  `CreatedAt` datetime DEFAULT current_timestamp(),
  `UpdatedAt` datetime DEFAULT current_timestamp() ON UPDATE current_timestamp(),
  `Status` int(11) DEFAULT NULL
) ENGINE=InnoDB DEFAULT CHARSET=utf8mb4 COLLATE=utf8mb4_general_ci;

--
-- Dumping data for table `chitietgiohang`
--

INSERT INTO `chitietgiohang` (`MaCTGH`, `MaGH`, `MaCTSP`, `SoLuong`, `CreatedAt`, `UpdatedAt`, `Status`) VALUES
(1, 1, 32, 2, '2026-01-01 22:37:44', '2026-01-01 22:37:44', 1),
(2, 1, 33, 1, '2026-01-01 22:37:44', '2026-01-01 22:37:44', 1),
(27, 3, 108, 1, '2026-01-14 21:11:11', '2026-01-14 21:11:11', 1),
(41, 4, 1, 1, '2026-01-16 23:09:16', '2026-01-16 23:09:16', 1),
(42, 5, 81, 1, '2026-01-17 11:48:03', '2026-01-17 11:48:03', 1),
(43, 5, 100, 1, '2026-01-17 11:48:15', '2026-01-17 11:48:15', 1),
(44, 6, 42, 1, '2026-01-17 11:56:56', '2026-01-17 11:56:56', 1),
(45, 7, 1, 1, '2026-01-17 14:29:08', '2026-01-17 14:29:08', 1),
(51, 2, 1, 1, '2026-01-19 19:06:25', '2026-01-19 19:06:25', 1);

-- --------------------------------------------------------

--
-- Table structure for table `chitiethoadon`
--

CREATE TABLE `chitiethoadon` (
  `MaCTHD` int(11) NOT NULL,
  `MaHD` int(11) DEFAULT NULL,
  `MaCTSP` int(11) DEFAULT NULL,
  `SoLuong` int(11) DEFAULT NULL,
  `Gia` double DEFAULT NULL,
  `GiaGiam` double DEFAULT 0,
  `TongTien` double DEFAULT NULL,
  `Status` int(11) DEFAULT NULL,
  `CreatedAt` datetime DEFAULT current_timestamp(),
  `UpdatedAt` datetime DEFAULT current_timestamp() ON UPDATE current_timestamp()
) ENGINE=InnoDB DEFAULT CHARSET=utf8mb4 COLLATE=utf8mb4_general_ci;

--
-- Dumping data for table `chitiethoadon`
--

INSERT INTO `chitiethoadon` (`MaCTHD`, `MaHD`, `MaCTSP`, `SoLuong`, `Gia`, `GiaGiam`, `TongTien`, `Status`, `CreatedAt`, `UpdatedAt`) VALUES
(1, 1, 1, 2, 650000, 0, NULL, 1, '2026-01-02 17:22:40', '2026-01-02 17:22:40'),
(2, 1, 2, 1, 800000, 0, NULL, 1, '2026-01-02 17:22:40', '2026-01-02 17:22:40'),
(3, 2, 1, 2, 650000, 0, NULL, 1, '2026-01-02 17:25:24', '2026-01-02 17:25:24'),
(4, 2, 2, 1, 800000, 0, NULL, 1, '2026-01-02 17:25:24', '2026-01-02 17:25:24'),
(7, 5, 99, 2, 435000, 0, 870000, 1, '2026-01-11 21:32:33', '2026-01-11 21:32:33'),
(8, 5, 284, 1, 150000, 0, 150000, 1, '2026-01-11 21:32:33', '2026-01-11 21:32:33'),
(9, 6, 267, 1, 95000, 0, 95000, 1, '2026-01-11 21:42:23', '2026-01-11 21:42:23'),
(10, 7, 179, 1, 495000, 0, 495000, 2, '2026-01-11 21:51:40', '2026-01-11 22:55:08'),
(11, 8, 277, 2, 85000, 0, 170000, 1, '2026-01-12 14:40:25', '2026-01-12 14:40:25'),
(12, 9, 232, 1, 399000, 0, 399000, 1, '2026-01-13 07:07:05', '2026-01-13 07:07:05'),
(13, 10, 59, 1, 490000, 0, 490000, 1, '2026-01-13 07:13:09', '2026-01-13 07:13:09'),
(14, 11, 105, 1, 420000, 0, 420000, 1, '2026-01-14 20:59:30', '2026-01-14 20:59:30'),
(15, 12, 203, 1, 3000000, 0, 3000000, 1, '2026-01-14 21:31:23', '2026-01-14 21:31:23'),
(16, 13, 3, 1, 650000, 0, 650000, 1, '2026-01-15 22:56:06', '2026-01-15 22:56:06'),
(17, 13, 207, 2, 50000, 0, 100000, 1, '2026-01-15 22:56:06', '2026-01-15 22:56:06'),
(18, 14, 287, 1, 175000, 0, 175000, 1, '2026-01-15 23:03:50', '2026-01-15 23:03:50'),
(19, 15, 298, 1, 155000, 0, 155000, 1, '2026-01-15 23:15:30', '2026-01-15 23:15:30'),
(20, 16, 267, 3, 95000, 0, 285000, 1, '2026-01-15 23:23:41', '2026-01-15 23:23:41'),
(21, 17, 42, 1, 500000, 0, 500000, 1, '2026-01-15 23:24:06', '2026-01-15 23:24:06'),
(22, 18, 1, 1, 650000, 0, 650000, 1, '2026-01-15 23:41:37', '2026-01-15 23:41:37'),
(23, 19, 124, 1, 400000, 0, 400000, 1, '2026-01-16 09:47:38', '2026-01-16 09:47:38'),
(24, 20, 136, 1, 150000, 0, 150000, 1, '2026-01-16 10:11:50', '2026-01-16 10:11:50'),
(25, 21, 277, 2, 85000, 0, 170000, 1, '2026-01-16 10:27:17', '2026-01-16 10:27:17'),
(26, 22, 207, 1, 50000, 0, 50000, 1, '2026-01-16 10:41:54', '2026-01-16 10:41:54'),
(27, 23, 1, 1, 650000, 0, 650000, 1, '2026-01-16 10:48:08', '2026-01-16 10:48:08'),
(28, 24, 19, 1, 350000, 0, 350000, 1, '2026-01-16 10:56:49', '2026-01-16 10:56:49'),
(29, 25, 19, 1, 350000, 0, 350000, 1, '2026-01-16 10:57:22', '2026-01-16 10:57:22'),
(30, 26, 58, 1, 490000, 0, 490000, 1, '2026-01-16 11:06:32', '2026-01-16 11:06:32'),
(31, 27, 124, 1, 400000, 0, 400000, 1, '2026-01-16 11:10:49', '2026-01-16 11:10:49'),
(32, 28, 160, 1, 299000, 0, 299000, 1, '2026-01-16 11:11:29', '2026-01-16 11:11:29'),
(33, 29, 207, 1, 50000, 0, 50000, 1, '2026-01-16 11:11:43', '2026-01-16 11:11:43'),
(34, 30, 207, 1, 50000, 0, 50000, 1, '2026-01-16 11:15:55', '2026-01-16 11:15:55'),
(35, 31, 267, 1, 95000, 0, 95000, 1, '2026-01-16 11:16:05', '2026-01-16 11:16:05'),
(36, 32, 269, 1, 95000, 0, 95000, 1, '2026-01-16 11:16:16', '2026-01-16 11:16:16'),
(37, 33, 103, 2, 420000, 0, 840000, 1, '2026-01-16 21:31:49', '2026-01-16 21:31:49'),
(38, 34, 160, 1, 299000, 0, 299000, 1, '2026-01-18 15:22:05', '2026-01-18 15:22:05'),
(39, 35, 2, 2, 650000, 0, 1300000, 1, '2026-01-18 15:23:35', '2026-01-18 15:23:35'),
(40, 36, 1, 1, 650000, 0, 650000, 1, '2026-01-18 20:29:25', '2026-01-18 20:29:25'),
(41, 37, 146, 1, 160000, 0, 160000, 1, '2026-01-18 21:58:28', '2026-01-18 21:58:28'),
(42, 37, 81, 1, 230000, 0, 230000, 1, '2026-01-18 21:58:28', '2026-01-18 21:58:28'),
(43, 38, 287, 1, 175000, 0, 175000, 1, '2026-01-19 14:23:37', '2026-01-19 14:23:37'),
(44, 38, 203, 1, 3000000, 0, 3000000, 1, '2026-01-19 14:23:37', '2026-01-19 14:23:37'),
(45, 39, 42, 1, 500000, 0, 500000, 1, '2026-01-19 14:48:35', '2026-01-19 14:48:35'),
(46, 40, 267, 1, 95000, 0, 95000, 1, '2026-01-19 15:12:00', '2026-01-19 15:12:00');

-- --------------------------------------------------------

--
-- Table structure for table `chitietsanpham`
--

CREATE TABLE `chitietsanpham` (
  `MaCTSP` int(11) NOT NULL,
  `MaSP` int(11) DEFAULT NULL,
  `MaMau` int(11) DEFAULT NULL,
  `MaSize` int(11) DEFAULT NULL,
  `Dongia` double DEFAULT NULL,
  `SLT` int(11) DEFAULT NULL,
  `CreatedAt` datetime DEFAULT current_timestamp(),
  `UpdatedAt` datetime DEFAULT current_timestamp() ON UPDATE current_timestamp(),
  `Status` int(11) DEFAULT NULL
) ENGINE=InnoDB DEFAULT CHARSET=utf8mb4 COLLATE=utf8mb4_general_ci;

--
-- Dumping data for table `chitietsanpham`
--

INSERT INTO `chitietsanpham` (`MaCTSP`, `MaSP`, `MaMau`, `MaSize`, `Dongia`, `SLT`, `CreatedAt`, `UpdatedAt`, `Status`) VALUES
(1, 1, 1, 1, 650000, 3, '2025-12-31 22:36:00', '2026-01-18 20:29:25', 1),
(2, 1, 1, 2, 650000, 0, '2025-12-31 22:36:00', '2026-01-18 15:23:35', 1),
(3, 1, 1, 3, 650000, 20, '2025-12-31 22:36:00', '2026-01-15 22:56:35', 1),
(4, 1, 1, 4, 695000, 15, '2025-12-31 22:36:00', '2025-12-31 22:36:00', 1),
(5, 1, 1, 5, 695000, 15, '2025-12-31 22:36:00', '2025-12-31 22:36:00', 1),
(6, 1, 1, 6, 695000, 20, '2025-12-31 22:36:00', '2025-12-31 22:36:00', 1),
(7, 1, 1, 7, 650000, 15, '2025-12-31 22:36:00', '2025-12-31 22:36:00', 1),
(8, 1, 1, 8, 650000, 0, '2025-12-31 22:36:00', '2025-12-31 22:36:00', 1),
(9, 2, 19, 1, 350000, 0, '2025-12-31 22:36:00', '2025-12-31 22:36:00', 1),
(10, 2, 19, 2, 350000, 0, '2025-12-31 22:36:00', '2025-12-31 22:36:00', 1),
(11, 2, 19, 3, 350000, 20, '2025-12-31 22:36:00', '2025-12-31 22:36:00', 1),
(12, 2, 19, 4, 350000, 15, '2025-12-31 22:36:00', '2025-12-31 22:36:00', 1),
(13, 2, 19, 5, 370000, 15, '2025-12-31 22:36:00', '2025-12-31 22:36:00', 1),
(14, 2, 19, 6, 370000, 0, '2025-12-31 22:36:00', '2025-12-31 22:36:00', 1),
(15, 2, 19, 7, 600000, 35, '2025-12-31 22:36:00', '2025-12-31 22:36:00', 1),
(16, 2, 19, 8, 600000, 0, '2025-12-31 22:36:00', '2025-12-31 22:36:00', 1),
(17, 2, 1, 1, 350000, 0, '2025-12-31 22:36:00', '2025-12-31 22:36:00', 1),
(18, 2, 1, 2, 350000, 0, '2025-12-31 22:36:00', '2025-12-31 22:36:00', 1),
(19, 2, 1, 3, 350000, 22, '2025-12-31 22:36:00', '2026-01-16 10:57:27', 1),
(20, 2, 1, 4, 350000, 20, '2025-12-31 22:36:00', '2025-12-31 22:36:00', 1),
(21, 2, 1, 5, 370000, 0, '2025-12-31 22:36:00', '2025-12-31 22:36:00', 1),
(22, 2, 1, 6, 370000, 0, '2025-12-31 22:36:00', '2025-12-31 22:36:00', 1),
(23, 2, 1, 7, 600000, 0, '2025-12-31 22:36:00', '2025-12-31 22:36:00', 1),
(24, 2, 1, 8, 600000, 0, '2025-12-31 22:36:00', '2025-12-31 22:36:00', 1),
(25, 2, 20, 1, 350000, 0, '2025-12-31 22:36:00', '2025-12-31 22:36:00', 1),
(26, 2, 20, 2, 350000, 0, '2025-12-31 22:36:00', '2025-12-31 22:36:00', 1),
(27, 2, 20, 3, 39000, 20, '2025-12-31 22:36:00', '2025-12-31 22:36:00', 1),
(28, 2, 20, 4, 39000, 15, '2025-12-31 22:36:00', '2025-12-31 22:36:00', 1),
(29, 2, 20, 5, 39000, 15, '2025-12-31 22:36:00', '2025-12-31 22:36:00', 1),
(30, 2, 20, 7, 39000, 35, '2025-12-31 22:36:00', '2025-12-31 22:36:00', 1),
(31, 2, 20, 8, 600000, 0, '2025-12-31 22:36:00', '2025-12-31 22:36:00', 1),
(32, 3, 2, 1, 350000, 0, '2025-12-31 22:36:00', '2025-12-31 22:36:00', 1),
(33, 3, 2, 2, 499000, 20, '2025-12-31 22:36:00', '2025-12-31 22:36:00', 1),
(34, 3, 2, 3, 499000, 0, '2025-12-31 22:36:00', '2025-12-31 22:36:00', 1),
(35, 3, 2, 4, 499000, 15, '2025-12-31 22:36:00', '2025-12-31 22:36:00', 1),
(36, 3, 2, 5, 499000, 0, '2025-12-31 22:36:00', '2025-12-31 22:36:00', 1),
(37, 3, 2, 6, 499000, 15, '2025-12-31 22:36:00', '2025-12-31 22:36:00', 1),
(38, 3, 2, 7, 499000, 0, '2025-12-31 22:36:00', '2025-12-31 22:36:00', 1),
(39, 3, 2, 8, 499000, 35, '2025-12-31 22:36:00', '2025-12-31 22:36:00', 1),
(40, 3, 1, 1, 500000, 0, '2025-12-31 22:36:00', '2025-12-31 22:36:00', 1),
(41, 3, 1, 2, 500000, 0, '2025-12-31 22:36:00', '2025-12-31 22:36:00', 1),
(42, 3, 1, 3, 500000, 21, '2025-12-31 22:36:00', '2026-01-19 14:48:35', 1),
(43, 3, 1, 4, 500000, 20, '2025-12-31 22:36:00', '2025-12-31 22:36:00', 1),
(44, 3, 1, 5, 500000, 10, '2025-12-31 22:36:00', '2025-12-31 22:36:00', 1),
(45, 3, 1, 6, 500000, 0, '2025-12-31 22:36:00', '2025-12-31 22:36:00', 1),
(46, 3, 1, 7, 500000, 0, '2025-12-31 22:36:00', '2025-12-31 22:36:00', 1),
(47, 3, 1, 8, 500000, 22, '2025-12-31 22:36:00', '2025-12-31 22:36:00', 1),
(48, 3, 19, 1, 490000, 0, '2025-12-31 22:36:00', '2025-12-31 22:36:00', 1),
(49, 3, 19, 2, 490000, 0, '2025-12-31 22:36:00', '2025-12-31 22:36:00', 1),
(50, 3, 19, 3, 490000, 20, '2025-12-31 22:36:00', '2025-12-31 22:36:00', 1),
(51, 3, 19, 4, 490000, 15, '2025-12-31 22:36:00', '2025-12-31 22:36:00', 1),
(52, 3, 19, 5, 490000, 5, '2025-12-31 22:36:00', '2025-12-31 22:36:00', 1),
(53, 3, 19, 6, 490000, 0, '2025-12-31 22:36:00', '2025-12-31 22:36:00', 1),
(54, 3, 19, 7, 490000, 35, '2025-12-31 22:36:00', '2025-12-31 22:36:00', 1),
(55, 3, 19, 8, 490000, 0, '2025-12-31 22:36:00', '2025-12-31 22:36:00', 1),
(56, 4, 3, 1, 490000, 0, '2025-12-31 22:36:00', '2025-12-31 22:36:00', 1),
(57, 4, 3, 2, 490000, 0, '2025-12-31 22:36:00', '2025-12-31 22:36:00', 1),
(58, 4, 3, 3, 490000, 20, '2025-12-31 22:36:00', '2026-01-16 11:06:50', 1),
(59, 4, 3, 4, 490000, 15, '2025-12-31 22:36:00', '2026-01-13 07:13:32', 1),
(60, 4, 3, 5, 490000, 20, '2025-12-31 22:36:00', '2025-12-31 22:36:00', 1),
(61, 4, 3, 6, 500000, 15, '2025-12-31 22:36:00', '2025-12-31 22:36:00', 1),
(62, 4, 3, 7, 500000, 0, '2025-12-31 22:36:00', '2025-12-31 22:36:00', 1),
(63, 4, 3, 8, 500000, 0, '2025-12-31 22:36:00', '2025-12-31 22:36:00', 1),
(64, 4, 16, 1, 390000, 0, '2025-12-31 22:36:00', '2025-12-31 22:36:00', 1),
(65, 4, 16, 2, 390000, 0, '2025-12-31 22:36:00', '2025-12-31 22:36:00', 1),
(66, 4, 16, 3, 390000, 0, '2025-12-31 22:36:00', '2025-12-31 22:36:00', 1),
(67, 4, 16, 5, 390000, 15, '2025-12-31 22:36:00', '2025-12-31 22:36:00', 1),
(68, 4, 16, 6, 400000, 35, '2025-12-31 22:36:00', '2025-12-31 22:36:00', 1),
(69, 4, 16, 7, 400000, 15, '2025-12-31 22:36:00', '2025-12-31 22:36:00', 1),
(70, 4, 16, 4, 400000, 35, '2025-12-31 22:36:00', '2025-12-31 22:36:00', 1),
(71, 4, 16, 8, 400000, 0, '2025-12-31 22:36:00', '2025-12-31 22:36:00', 1),
(72, 4, 17, 1, 390000, 0, '2025-12-31 22:36:00', '2025-12-31 22:36:00', 1),
(73, 4, 17, 2, 390000, 0, '2025-12-31 22:36:00', '2025-12-31 22:36:00', 1),
(74, 4, 17, 3, 390000, 0, '2025-12-31 22:36:00', '2025-12-31 22:36:00', 1),
(75, 4, 17, 5, 400000, 15, '2025-12-31 22:36:00', '2025-12-31 22:36:00', 1),
(76, 4, 17, 6, 400000, 35, '2025-12-31 22:36:00', '2025-12-31 22:36:00', 1),
(77, 4, 17, 7, 400000, 15, '2025-12-31 22:36:00', '2025-12-31 22:36:00', 1),
(78, 4, 17, 8, 400000, 0, '2025-12-31 22:36:00', '2025-12-31 22:36:00', 1),
(79, 5, 14, 1, 230000, 20, '2025-12-31 22:36:00', '2025-12-31 22:36:00', 1),
(80, 5, 14, 3, 230000, 15, '2025-12-31 22:36:00', '2025-12-31 22:36:00', 1),
(81, 5, 2, 1, 230000, 14, '2025-12-31 22:36:00', '2026-01-18 21:58:28', 1),
(82, 5, 2, 2, 230000, 15, '2025-12-31 22:36:00', '2025-12-31 22:36:00', 1),
(83, 5, 2, 3, 230000, 15, '2025-12-31 22:36:00', '2025-12-31 22:36:00', 1),
(84, 5, 2, 4, 250000, 20, '2025-12-31 22:36:00', '2025-12-31 22:36:00', 1),
(85, 5, 2, 5, 250000, 5, '2025-12-31 22:36:00', '2025-12-31 22:36:00', 1),
(86, 5, 2, 6, 250000, 10, '2025-12-31 22:36:00', '2025-12-31 22:36:00', 1),
(87, 5, 2, 7, 230000, 20, '2025-12-31 22:36:00', '2025-12-31 22:36:00', 1),
(88, 5, 2, 8, 250000, 10, '2025-12-31 22:36:00', '2025-12-31 22:36:00', 1),
(89, 5, 15, 3, 250000, 10, '2025-12-31 22:36:00', '2025-12-31 22:36:00', 1),
(90, 5, 15, 4, 230000, 20, '2025-12-31 22:36:00', '2025-12-31 22:36:00', 1),
(91, 5, 15, 6, 250000, 10, '2025-12-31 22:36:00', '2025-12-31 22:36:00', 1),
(92, 6, 16, 3, 420000, 20, '2025-12-31 22:36:00', '2025-12-31 22:36:00', 1),
(93, 6, 16, 4, 435000, 15, '2025-12-31 22:36:00', '2025-12-31 22:36:00', 1),
(94, 6, 16, 5, 435000, 15, '2025-12-31 22:36:00', '2025-12-31 22:36:00', 1),
(95, 6, 16, 6, 420000, 15, '2025-12-31 22:36:00', '2025-12-31 22:36:00', 1),
(96, 6, 14, 1, 420000, 15, '2025-12-31 22:36:00', '2025-12-31 22:36:00', 1),
(97, 6, 14, 2, 420000, 15, '2025-12-31 22:36:00', '2025-12-31 22:36:00', 1),
(98, 6, 14, 3, 420000, 15, '2025-12-31 22:36:00', '2025-12-31 22:36:00', 1),
(99, 6, 14, 6, 435000, 17, '2025-12-31 22:36:00', '2026-01-15 22:58:30', 1),
(100, 6, 2, 1, 420000, 15, '2025-12-31 22:36:00', '2025-12-31 22:36:00', 1),
(101, 6, 2, 2, 420000, 15, '2025-12-31 22:36:00', '2025-12-31 22:36:00', 1),
(102, 6, 2, 3, 420000, 15, '2025-12-31 22:36:00', '2025-12-31 22:36:00', 1),
(103, 6, 2, 4, 420000, 15, '2025-12-31 22:36:00', '2026-01-16 21:31:59', 1),
(104, 6, 2, 5, 420000, 15, '2025-12-31 22:36:00', '2025-12-31 22:36:00', 1),
(105, 6, 5, 3, 420000, 14, '2025-12-31 22:36:00', '2026-01-14 20:59:30', 1),
(106, 6, 5, 4, 420000, 15, '2025-12-31 22:36:00', '2025-12-31 22:36:00', 1),
(107, 6, 5, 5, 435000, 15, '2025-12-31 22:36:00', '2025-12-31 22:36:00', 1),
(108, 7, 2, 1, 500000, 20, '2025-12-31 22:36:00', '2025-12-31 22:36:00', 1),
(109, 7, 2, 2, 500000, 10, '2025-12-31 22:36:00', '2025-12-31 22:36:00', 1),
(110, 7, 2, 3, 500000, 22, '2025-12-31 22:36:00', '2025-12-31 22:36:00', 1),
(111, 7, 2, 4, 525000, 25, '2025-12-31 22:36:00', '2025-12-31 22:36:00', 1),
(112, 7, 2, 5, 525000, 5, '2025-12-31 22:36:00', '2025-12-31 22:36:00', 1),
(113, 7, 2, 6, 525000, 29, '2025-12-31 22:36:00', '2025-12-31 22:36:00', 1),
(114, 7, 2, 7, 500000, 1, '2025-12-31 22:36:00', '2025-12-31 22:36:00', 1),
(115, 7, 2, 8, 500000, 15, '2025-12-31 22:36:00', '2025-12-31 22:36:00', 1),
(116, 7, 3, 5, 500000, 8, '2025-12-31 22:36:00', '2025-12-31 22:36:00', 1),
(117, 7, 3, 7, 525000, 10, '2025-12-31 22:36:00', '2025-12-31 22:36:00', 1),
(118, 7, 3, 8, 500000, 15, '2025-12-31 22:36:00', '2025-12-31 22:36:00', 1),
(119, 8, 21, 3, 359000, 20, '2025-12-31 22:36:00', '2025-12-31 22:36:00', 1),
(120, 8, 21, 4, 359000, 10, '2025-12-31 22:36:00', '2025-12-31 22:36:00', 1),
(121, 8, 21, 5, 410000, 22, '2025-12-31 22:36:00', '2025-12-31 22:36:00', 1),
(122, 8, 16, 5, 359000, 25, '2025-12-31 22:36:00', '2025-12-31 22:36:00', 1),
(123, 8, 16, 6, 359000, 5, '2025-12-31 22:36:00', '2025-12-31 22:36:00', 1),
(124, 8, 2, 1, 400000, 20, '2025-12-31 22:36:00', '2026-01-16 11:12:13', 1),
(125, 8, 2, 2, 400000, 10, '2025-12-31 22:36:00', '2025-12-31 22:36:00', 1),
(126, 8, 2, 3, 400000, 22, '2025-12-31 22:36:00', '2025-12-31 22:36:00', 1),
(127, 8, 2, 4, 410000, 30, '2025-12-31 22:36:00', '2025-12-31 22:36:00', 1),
(128, 8, 2, 5, 410000, 5, '2025-12-31 22:36:00', '2025-12-31 22:36:00', 1),
(129, 8, 2, 6, 410000, 5, '2025-12-31 22:36:00', '2025-12-31 22:36:00', 1),
(130, 8, 2, 7, 400000, 10, '2025-12-31 22:36:00', '2025-12-31 22:36:00', 1),
(131, 8, 2, 8, 400000, 1, '2025-12-31 22:36:00', '2025-12-31 22:36:00', 1),
(132, 9, 6, 3, 150000, 20, '2025-12-31 22:36:00', '2025-12-31 22:36:00', 1),
(133, 9, 6, 4, 150000, 10, '2025-12-31 22:36:00', '2025-12-31 22:36:00', 1),
(134, 9, 6, 5, 160000, 22, '2025-12-31 22:36:00', '2025-12-31 22:36:00', 1),
(135, 9, 6, 6, 160000, 25, '2025-12-31 22:36:00', '2025-12-31 22:36:00', 1),
(136, 9, 2, 1, 150000, 20, '2025-12-31 22:36:00', '2026-01-16 10:12:01', 1),
(137, 9, 2, 2, 150000, 10, '2025-12-31 22:36:00', '2025-12-31 22:36:00', 1),
(138, 9, 2, 3, 160000, 22, '2025-12-31 22:36:00', '2025-12-31 22:36:00', 1),
(139, 9, 2, 4, 160000, 25, '2025-12-31 22:36:00', '2025-12-31 22:36:00', 1),
(140, 9, 2, 5, 160000, 20, '2025-12-31 22:36:00', '2025-12-31 22:36:00', 1),
(141, 9, 2, 6, 160000, 10, '2025-12-31 22:36:00', '2025-12-31 22:36:00', 1),
(142, 9, 2, 7, 170000, 22, '2025-12-31 22:36:00', '2025-12-31 22:36:00', 1),
(143, 9, 4, 4, 150000, 10, '2025-12-31 22:36:00', '2025-12-31 22:36:00', 1),
(144, 9, 4, 5, 150000, 8, '2025-12-31 22:36:00', '2025-12-31 22:36:00', 1),
(145, 9, 4, 6, 150000, 5, '2025-12-31 22:36:00', '2025-12-31 22:36:00', 1),
(146, 9, 18, 3, 160000, 21, '2025-12-31 22:36:00', '2026-01-18 21:58:28', 1),
(147, 9, 18, 4, 160000, 5, '2025-12-31 22:36:00', '2025-12-31 22:36:00', 1),
(148, 9, 18, 5, 185000, 10, '2025-12-31 22:36:00', '2025-12-31 22:36:00', 1),
(149, 9, 18, 6, 185000, 20, '2025-12-31 22:36:00', '2025-12-31 22:36:00', 1),
(150, 9, 7, 4, 160000, 5, '2025-12-31 22:36:00', '2025-12-31 22:36:00', 1),
(151, 9, 7, 5, 185000, 10, '2025-12-31 22:36:00', '2025-12-31 22:36:00', 1),
(152, 9, 7, 6, 185000, 20, '2025-12-31 22:36:00', '2025-12-31 22:36:00', 1),
(153, 10, 4, 1, 299000, 20, '2025-12-31 22:36:00', '2025-12-31 22:36:00', 1),
(154, 10, 4, 2, 299000, 10, '2025-12-31 22:36:00', '2025-12-31 22:36:00', 1),
(155, 10, 4, 3, 299000, 22, '2025-12-31 22:36:00', '2025-12-31 22:36:00', 1),
(156, 10, 4, 4, 319000, 25, '2025-12-31 22:36:00', '2025-12-31 22:36:00', 1),
(157, 10, 4, 5, 319000, 20, '2025-12-31 22:36:00', '2025-12-31 22:36:00', 1),
(158, 10, 4, 6, 319000, 10, '2025-12-31 22:36:00', '2025-12-31 22:36:00', 1),
(159, 10, 4, 7, 319000, 22, '2025-12-31 22:36:00', '2025-12-31 22:36:00', 1),
(160, 10, 2, 3, 299000, 25, '2025-12-31 22:36:00', '2026-01-18 15:22:36', 1),
(161, 10, 2, 4, 299000, 20, '2025-12-31 22:36:00', '2025-12-31 22:36:00', 1),
(162, 10, 2, 6, 319000, 10, '2025-12-31 22:36:00', '2025-12-31 22:36:00', 1),
(163, 10, 2, 7, 319000, 22, '2025-12-31 22:36:00', '2025-12-31 22:36:00', 1),
(164, 10, 2, 8, 319000, 25, '2025-12-31 22:36:00', '2025-12-31 22:36:00', 1),
(165, 11, 21, 3, 435000, 11, '2025-12-31 22:36:00', '2025-12-31 22:36:00', 1),
(166, 11, 21, 4, 435000, 5, '2025-12-31 22:36:00', '2025-12-31 22:36:00', 1),
(167, 11, 16, 3, 435000, 4, '2025-12-31 22:36:00', '2025-12-31 22:36:00', 1),
(168, 11, 16, 4, 435000, 15, '2025-12-31 22:36:00', '2025-12-31 22:36:00', 1),
(169, 11, 5, 3, 435000, 11, '2025-12-31 22:36:00', '2025-12-31 22:36:00', 1),
(170, 11, 5, 4, 435000, 5, '2025-12-31 22:36:00', '2025-12-31 22:36:00', 1),
(171, 11, 5, 5, 435000, 4, '2025-12-31 22:36:00', '2025-12-31 22:36:00', 1),
(172, 11, 7, 1, 435000, 15, '2025-12-31 22:36:00', '2025-12-31 22:36:00', 1),
(173, 11, 7, 6, 495000, 11, '2025-12-31 22:36:00', '2025-12-31 22:36:00', 1),
(174, 11, 7, 7, 495000, 5, '2025-12-31 22:36:00', '2025-12-31 22:36:00', 1),
(175, 11, 1, 3, 495000, 4, '2025-12-31 22:36:00', '2025-12-31 22:36:00', 1),
(176, 11, 1, 4, 495000, 15, '2025-12-31 22:36:00', '2025-12-31 22:36:00', 1),
(177, 11, 1, 5, 495000, 11, '2025-12-31 22:36:00', '2025-12-31 22:36:00', 1),
(178, 11, 1, 6, 495000, 5, '2025-12-31 22:36:00', '2025-12-31 22:36:00', 1),
(179, 11, 2, 3, 495000, 4, '2025-12-31 22:36:00', '2025-12-31 22:36:00', 1),
(180, 11, 2, 4, 520000, 15, '2025-12-31 22:36:00', '2025-12-31 22:36:00', 1),
(181, 11, 2, 5, 520000, 4, '2025-12-31 22:36:00', '2025-12-31 22:36:00', 1),
(182, 11, 2, 7, 540000, 15, '2025-12-31 22:36:00', '2025-12-31 22:36:00', 1),
(183, 12, 8, 1, 2900000, 10, '2025-12-31 22:36:00', '2025-12-31 22:36:00', 1),
(184, 12, 8, 2, 2900000, 9, '2025-12-31 22:36:00', '2025-12-31 22:36:00', 1),
(185, 12, 8, 3, 2900000, 8, '2025-12-31 22:36:00', '2025-12-31 22:36:00', 1),
(186, 12, 8, 4, 3000000, 15, '2025-12-31 22:36:00', '2025-12-31 22:36:00', 1),
(187, 12, 8, 5, 3000000, 10, '2025-12-31 22:36:00', '2025-12-31 22:36:00', 1),
(188, 12, 8, 6, 3000000, 9, '2025-12-31 22:36:00', '2025-12-31 22:36:00', 1),
(189, 12, 8, 7, 3000000, 8, '2025-12-31 22:36:00', '2025-12-31 22:36:00', 1),
(190, 12, 8, 8, 3000000, 1, '2025-12-31 22:36:00', '2025-12-31 22:36:00', 1),
(191, 12, 9, 1, 2890000, 0, '2025-12-31 22:36:00', '2025-12-31 22:36:00', 1),
(192, 12, 9, 2, 2890000, 9, '2025-12-31 22:36:00', '2025-12-31 22:36:00', 1),
(193, 12, 9, 3, 2890000, 8, '2025-12-31 22:36:00', '2025-12-31 22:36:00', 1),
(194, 12, 9, 4, 2990000, 15, '2025-12-31 22:36:00', '2025-12-31 22:36:00', 1),
(195, 12, 9, 5, 2990000, 10, '2025-12-31 22:36:00', '2025-12-31 22:36:00', 1),
(196, 12, 9, 6, 2990000, 9, '2025-12-31 22:36:00', '2025-12-31 22:36:00', 1),
(197, 12, 9, 7, 2990000, 0, '2025-12-31 22:36:00', '2025-12-31 22:36:00', 1),
(198, 12, 9, 8, 3000000, 0, '2025-12-31 22:36:00', '2025-12-31 22:36:00', 1),
(199, 12, 10, 1, 2500000, 0, '2025-12-31 22:36:00', '2025-12-31 22:36:00', 1),
(200, 12, 10, 2, 2500000, 9, '2025-12-31 22:36:00', '2025-12-31 22:36:00', 1),
(201, 12, 10, 3, 2500000, 8, '2025-12-31 22:36:00', '2025-12-31 22:36:00', 1),
(202, 12, 10, 6, 2990000, 15, '2025-12-31 22:36:00', '2025-12-31 22:36:00', 1),
(203, 12, 11, 5, 3000000, 8, '2025-12-31 22:36:00', '2026-01-19 14:23:37', 1),
(204, 12, 11, 6, 3000000, 9, '2025-12-31 22:36:00', '2025-12-31 22:36:00', 1),
(205, 12, 11, 7, 3000000, 0, '2025-12-31 22:36:00', '2025-12-31 22:36:00', 1),
(206, 12, 11, 8, 3000000, 0, '2025-12-31 22:36:00', '2025-12-31 22:36:00', 1),
(207, 13, 1, 5, 50000, 10, '2025-12-31 22:36:00', '2026-01-16 11:16:38', 1),
(208, 13, 1, 6, 50000, 9, '2025-12-31 22:36:00', '2025-12-31 22:36:00', 1),
(209, 13, 1, 7, 50000, 10, '2025-12-31 22:36:00', '2025-12-31 22:36:00', 1),
(210, 13, 1, 8, 50000, 10, '2025-12-31 22:36:00', '2025-12-31 22:36:00', 1),
(211, 13, 2, 4, 45000, 10, '2025-12-31 22:36:00', '2025-12-31 22:36:00', 1),
(212, 13, 2, 5, 45000, 9, '2025-12-31 22:36:00', '2025-12-31 22:36:00', 1),
(213, 13, 2, 7, 50000, 10, '2025-12-31 22:36:00', '2025-12-31 22:36:00', 1),
(214, 13, 3, 2, 45000, 10, '2025-12-31 22:36:00', '2025-12-31 22:36:00', 1),
(215, 13, 3, 3, 45000, 10, '2025-12-31 22:36:00', '2025-12-31 22:36:00', 1),
(216, 13, 3, 4, 50000, 9, '2025-12-31 22:36:00', '2025-12-31 22:36:00', 1),
(217, 13, 3, 5, 50000, 10, '2025-12-31 22:36:00', '2025-12-31 22:36:00', 1),
(218, 13, 3, 6, 50000, 10, '2025-12-31 22:36:00', '2025-12-31 22:36:00', 1),
(219, 14, 23, 4, 500000, 10, '2025-12-31 22:36:00', '2025-12-31 22:36:00', 1),
(220, 14, 23, 5, 500000, 10, '2025-12-31 22:36:00', '2025-12-31 22:36:00', 1),
(221, 14, 22, 4, 500000, 9, '2025-12-31 22:36:00', '2025-12-31 22:36:00', 1),
(222, 14, 22, 5, 500000, 10, '2025-12-31 22:36:00', '2025-12-31 22:36:00', 1),
(223, 14, 22, 6, 500000, 10, '2025-12-31 22:36:00', '2025-12-31 22:36:00', 1),
(224, 14, 1, 1, 450000, 10, '2025-12-31 22:36:00', '2025-12-31 22:36:00', 1),
(225, 14, 1, 2, 450000, 10, '2025-12-31 22:36:00', '2025-12-31 22:36:00', 1),
(226, 14, 1, 4, 450000, 9, '2025-12-31 22:36:00', '2025-12-31 22:36:00', 1),
(227, 14, 1, 5, 450000, 10, '2025-12-31 22:36:00', '2025-12-31 22:36:00', 1),
(228, 14, 1, 6, 450000, 10, '2025-12-31 22:36:00', '2025-12-31 22:36:00', 1),
(229, 14, 2, 4, 450000, 10, '2025-12-31 22:36:00', '2025-12-31 22:36:00', 1),
(230, 14, 2, 5, 450000, 10, '2025-12-31 22:36:00', '2025-12-31 22:36:00', 1),
(231, 14, 2, 6, 450000, 9, '2025-12-31 22:36:00', '2025-12-31 22:36:00', 1),
(232, 15, 2, 1, 399000, 10, '2025-12-31 22:36:00', '2026-01-15 22:55:18', 1),
(233, 15, 2, 2, 399000, 10, '2025-12-31 22:36:00', '2025-12-31 22:36:00', 1),
(234, 15, 2, 3, 399000, 9, '2025-12-31 22:36:00', '2025-12-31 22:36:00', 1),
(235, 15, 2, 4, 450000, 10, '2025-12-31 22:36:00', '2025-12-31 22:36:00', 1),
(236, 15, 2, 5, 450000, 10, '2025-12-31 22:36:00', '2025-12-31 22:36:00', 1),
(237, 15, 2, 6, 450000, 9, '2025-12-31 22:36:00', '2025-12-31 22:36:00', 1),
(238, 15, 21, 1, 399000, 10, '2025-12-31 22:36:00', '2025-12-31 22:36:00', 1),
(239, 15, 21, 2, 399000, 10, '2025-12-31 22:36:00', '2025-12-31 22:36:00', 1),
(240, 15, 21, 3, 399000, 9, '2025-12-31 22:36:00', '2025-12-31 22:36:00', 1),
(241, 15, 21, 4, 450000, 10, '2025-12-31 22:36:00', '2025-12-31 22:36:00', 1),
(242, 16, 2, 1, 290000, 10, '2025-12-31 22:36:00', '2025-12-31 22:36:00', 1),
(243, 16, 2, 2, 290000, 10, '2025-12-31 22:36:00', '2025-12-31 22:36:00', 1),
(244, 16, 2, 3, 310000, 9, '2025-12-31 22:36:00', '2025-12-31 22:36:00', 1),
(245, 16, 2, 4, 310000, 10, '2025-12-31 22:36:00', '2025-12-31 22:36:00', 1),
(246, 16, 21, 7, 310000, 10, '2025-12-31 22:36:00', '2025-12-31 22:36:00', 1),
(247, 16, 21, 5, 310000, 10, '2025-12-31 22:36:00', '2025-12-31 22:36:00', 1),
(248, 16, 21, 3, 310000, 9, '2025-12-31 22:36:00', '2025-12-31 22:36:00', 1),
(249, 16, 21, 4, 310000, 10, '2025-12-31 22:36:00', '2025-12-31 22:36:00', 1),
(250, 17, 2, 7, 200000, 10, '2025-12-31 22:36:00', '2025-12-31 22:36:00', 1),
(251, 17, 2, 5, 200000, 10, '2025-12-31 22:36:00', '2025-12-31 22:36:00', 1),
(252, 17, 4, 3, 200000, 9, '2025-12-31 22:36:00', '2025-12-31 22:36:00', 1),
(253, 17, 4, 4, 200000, 10, '2025-12-31 22:36:00', '2025-12-31 22:36:00', 1),
(254, 17, 4, 5, 200000, 9, '2025-12-31 22:36:00', '2025-12-31 22:36:00', 1),
(255, 17, 4, 6, 200000, 10, '2025-12-31 22:36:00', '2025-12-31 22:36:00', 1),
(256, 17, 21, 7, 200000, 10, '2025-12-31 22:36:00', '2025-12-31 22:36:00', 1),
(257, 17, 21, 5, 220000, 10, '2025-12-31 22:36:00', '2025-12-31 22:36:00', 1),
(258, 17, 21, 3, 200000, 9, '2025-12-31 22:36:00', '2025-12-31 22:36:00', 1),
(259, 17, 21, 4, 220000, 10, '2025-12-31 22:36:00', '2025-12-31 22:36:00', 1),
(260, 17, 7, 5, 220000, 9, '2025-12-31 22:36:00', '2025-12-31 22:36:00', 1),
(261, 17, 7, 6, 220000, 10, '2025-12-31 22:36:00', '2025-12-31 22:36:00', 1),
(262, 17, 7, 1, 200000, 9, '2025-12-31 22:36:00', '2025-12-31 22:36:00', 1),
(263, 17, 7, 2, 200000, 10, '2025-12-31 22:36:00', '2025-12-31 22:36:00', 1),
(264, 18, 1, 4, 95000, 10, '2025-12-31 22:36:00', '2025-12-31 22:36:00', 1),
(265, 18, 1, 5, 95000, 9, '2025-12-31 22:36:00', '2025-12-31 22:36:00', 1),
(266, 18, 1, 6, 95000, 10, '2025-12-31 22:36:00', '2025-12-31 22:36:00', 1),
(267, 18, 1, 1, 95000, 9, '2025-12-31 22:36:00', '2026-01-19 15:12:00', 1),
(268, 18, 1, 2, 95000, 10, '2025-12-31 22:36:00', '2025-12-31 22:36:00', 1),
(269, 18, 2, 4, 95000, 10, '2025-12-31 22:36:00', '2026-01-16 11:16:26', 1),
(270, 18, 2, 5, 95000, 9, '2025-12-31 22:36:00', '2025-12-31 22:36:00', 1),
(271, 18, 2, 6, 95000, 10, '2025-12-31 22:36:00', '2025-12-31 22:36:00', 1),
(272, 18, 2, 1, 95000, 9, '2025-12-31 22:36:00', '2025-12-31 22:36:00', 1),
(273, 18, 2, 2, 95000, 10, '2025-12-31 22:36:00', '2025-12-31 22:36:00', 1),
(274, 19, 1, 4, 85000, 10, '2025-12-31 22:36:00', '2025-12-31 22:36:00', 1),
(275, 19, 1, 5, 85000, 9, '2025-12-31 22:36:00', '2025-12-31 22:36:00', 1),
(276, 19, 1, 6, 85000, 10, '2025-12-31 22:36:00', '2025-12-31 22:36:00', 1),
(277, 19, 1, 1, 85000, 9, '2025-12-31 22:36:00', '2026-01-16 10:27:24', 1),
(278, 19, 1, 2, 85000, 10, '2025-12-31 22:36:00', '2025-12-31 22:36:00', 1),
(279, 19, 2, 4, 85000, 10, '2025-12-31 22:36:00', '2025-12-31 22:36:00', 1),
(280, 19, 2, 5, 85000, 9, '2025-12-31 22:36:00', '2025-12-31 22:36:00', 1),
(281, 19, 2, 6, 85000, 10, '2025-12-31 22:36:00', '2025-12-31 22:36:00', 1),
(282, 20, 2, 1, 150000, 10, '2025-12-31 22:36:00', '2025-12-31 22:36:00', 1),
(283, 20, 2, 2, 150000, 9, '2025-12-31 22:36:00', '2025-12-31 22:36:00', 1),
(284, 20, 2, 3, 150000, 11, '2025-12-31 22:36:00', '2026-01-15 22:58:30', 1),
(285, 20, 2, 4, 175000, 9, '2025-12-31 22:36:00', '2025-12-31 22:36:00', 1),
(286, 20, 2, 5, 175000, 10, '2025-12-31 22:36:00', '2025-12-31 22:36:00', 1),
(287, 20, 2, 6, 175000, 9, '2025-12-31 22:36:00', '2026-01-19 14:23:37', 1),
(288, 20, 2, 7, 175000, 9, '2025-12-31 22:36:00', '2025-12-31 22:36:00', 1),
(289, 20, 2, 8, 175000, 10, '2025-12-31 22:36:00', '2025-12-31 22:36:00', 1),
(290, 20, 3, 1, 150000, 10, '2025-12-31 22:36:00', '2025-12-31 22:36:00', 1),
(291, 20, 3, 2, 150000, 9, '2025-12-31 22:36:00', '2025-12-31 22:36:00', 1),
(292, 20, 3, 3, 150000, 10, '2025-12-31 22:36:00', '2025-12-31 22:36:00', 1),
(293, 20, 3, 4, 175000, 9, '2025-12-31 22:36:00', '2025-12-31 22:36:00', 1),
(294, 20, 3, 5, 175000, 10, '2025-12-31 22:36:00', '2025-12-31 22:36:00', 1),
(295, 20, 3, 6, 175000, 10, '2025-12-31 22:36:00', '2025-12-31 22:36:00', 1),
(296, 20, 3, 7, 175000, 9, '2025-12-31 22:36:00', '2025-12-31 22:36:00', 1),
(297, 20, 3, 8, 175000, 10, '2025-12-31 22:36:00', '2025-12-31 22:36:00', 1),
(298, 21, 2, 1, 155000, 10, '2025-12-31 22:36:00', '2026-01-15 23:15:49', 1),
(299, 21, 2, 2, 155000, 9, '2025-12-31 22:36:00', '2025-12-31 22:36:00', 1),
(300, 21, 2, 3, 155000, 10, '2025-12-31 22:36:00', '2025-12-31 22:36:00', 1),
(301, 21, 2, 4, 185000, 9, '2025-12-31 22:36:00', '2025-12-31 22:36:00', 1),
(302, 21, 2, 5, 185000, 10, '2025-12-31 22:36:00', '2025-12-31 22:36:00', 1),
(303, 21, 2, 6, 185000, 10, '2025-12-31 22:36:00', '2025-12-31 22:36:00', 1),
(304, 21, 2, 7, 185000, 9, '2025-12-31 22:36:00', '2025-12-31 22:36:00', 1),
(305, 21, 2, 8, 185000, 10, '2025-12-31 22:36:00', '2025-12-31 22:36:00', 1),
(306, 21, 3, 1, 150000, 10, '2025-12-31 22:36:00', '2025-12-31 22:36:00', 1),
(307, 21, 3, 2, 150000, 9, '2025-12-31 22:36:00', '2025-12-31 22:36:00', 1),
(308, 21, 3, 3, 150000, 10, '2025-12-31 22:36:00', '2025-12-31 22:36:00', 1),
(309, 21, 3, 4, 175000, 9, '2025-12-31 22:36:00', '2025-12-31 22:36:00', 1),
(310, 21, 4, 5, 175000, 10, '2025-12-31 22:36:00', '2025-12-31 22:36:00', 1),
(311, 21, 4, 6, 175000, 10, '2025-12-31 22:36:00', '2025-12-31 22:36:00', 1),
(312, 21, 4, 7, 175000, 9, '2025-12-31 22:36:00', '2025-12-31 22:36:00', 1),
(313, 21, 4, 8, 175000, 10, '2025-12-31 22:36:00', '2025-12-31 22:36:00', 1),
(314, 2, 20, 6, 39000, 0, '2025-12-31 22:39:27', '2025-12-31 22:39:27', 1),
(315, 4, 17, 4, 390000, 0, '2025-12-31 22:39:27', '2025-12-31 22:39:27', 1),
(316, 5, 14, 2, 230000, 0, '2025-12-31 22:39:27', '2025-12-31 22:39:27', 1),
(317, 5, 14, 4, 230000, 0, '2025-12-31 22:39:27', '2025-12-31 22:39:27', 1),
(318, 5, 14, 5, 230000, 0, '2025-12-31 22:39:27', '2025-12-31 22:39:27', 1),
(319, 5, 14, 6, 230000, 0, '2025-12-31 22:39:27', '2025-12-31 22:39:27', 1),
(320, 5, 14, 7, 230000, 0, '2025-12-31 22:39:27', '2025-12-31 22:39:27', 1),
(321, 5, 14, 8, 230000, 0, '2025-12-31 22:39:27', '2025-12-31 22:39:27', 1),
(322, 5, 15, 1, 230000, 0, '2025-12-31 22:39:27', '2025-12-31 22:39:27', 1),
(323, 5, 15, 2, 230000, 0, '2025-12-31 22:39:27', '2025-12-31 22:39:27', 1),
(324, 5, 15, 5, 230000, 0, '2025-12-31 22:39:27', '2025-12-31 22:39:27', 1),
(325, 5, 15, 7, 230000, 0, '2025-12-31 22:39:27', '2025-12-31 22:39:27', 1),
(326, 5, 15, 8, 230000, 0, '2025-12-31 22:39:27', '2025-12-31 22:39:27', 1),
(327, 6, 2, 6, 420000, 0, '2025-12-31 22:39:27', '2025-12-31 22:39:27', 1),
(328, 6, 2, 7, 420000, 0, '2025-12-31 22:39:27', '2025-12-31 22:39:27', 1),
(329, 6, 2, 8, 420000, 0, '2025-12-31 22:39:27', '2025-12-31 22:39:27', 1),
(330, 6, 5, 1, 420000, 0, '2025-12-31 22:39:27', '2025-12-31 22:39:27', 1),
(331, 6, 5, 2, 420000, 0, '2025-12-31 22:39:27', '2025-12-31 22:39:27', 1),
(332, 6, 5, 6, 420000, 0, '2025-12-31 22:39:27', '2025-12-31 22:39:27', 1),
(333, 6, 5, 7, 420000, 0, '2025-12-31 22:39:27', '2025-12-31 22:39:27', 1),
(334, 6, 5, 8, 420000, 0, '2025-12-31 22:39:27', '2025-12-31 22:39:27', 1),
(335, 6, 14, 4, 420000, 0, '2025-12-31 22:39:27', '2025-12-31 22:39:27', 1),
(336, 6, 14, 5, 420000, 0, '2025-12-31 22:39:27', '2025-12-31 22:39:27', 1),
(337, 6, 14, 7, 420000, 0, '2025-12-31 22:39:27', '2025-12-31 22:39:27', 1),
(338, 6, 14, 8, 420000, 0, '2025-12-31 22:39:27', '2025-12-31 22:39:27', 1),
(339, 6, 16, 1, 420000, 0, '2025-12-31 22:39:27', '2025-12-31 22:39:27', 1),
(340, 6, 16, 2, 420000, 0, '2025-12-31 22:39:27', '2025-12-31 22:39:27', 1),
(341, 6, 16, 7, 420000, 0, '2025-12-31 22:39:27', '2025-12-31 22:39:27', 1),
(342, 6, 16, 8, 420000, 0, '2025-12-31 22:39:27', '2025-12-31 22:39:27', 1),
(343, 7, 3, 1, 500000, 0, '2025-12-31 22:39:27', '2025-12-31 22:39:27', 1),
(344, 7, 3, 2, 500000, 0, '2025-12-31 22:39:27', '2025-12-31 22:39:27', 1),
(345, 7, 3, 3, 500000, 0, '2025-12-31 22:39:27', '2025-12-31 22:39:27', 1),
(346, 7, 3, 4, 500000, 0, '2025-12-31 22:39:27', '2025-12-31 22:39:27', 1),
(347, 7, 3, 6, 500000, 0, '2025-12-31 22:39:27', '2025-12-31 22:39:27', 1),
(348, 8, 16, 1, 359000, 0, '2025-12-31 22:39:27', '2025-12-31 22:39:27', 1),
(349, 8, 16, 2, 359000, 0, '2025-12-31 22:39:27', '2025-12-31 22:39:27', 1),
(350, 8, 16, 3, 359000, 0, '2025-12-31 22:39:27', '2025-12-31 22:39:27', 1),
(351, 8, 16, 4, 359000, 0, '2025-12-31 22:39:27', '2025-12-31 22:39:27', 1),
(352, 8, 16, 7, 359000, 0, '2025-12-31 22:39:27', '2025-12-31 22:39:27', 1),
(353, 8, 16, 8, 359000, 0, '2025-12-31 22:39:27', '2025-12-31 22:39:27', 1),
(354, 8, 21, 1, 359000, 0, '2025-12-31 22:39:27', '2025-12-31 22:39:27', 1),
(355, 8, 21, 2, 359000, 0, '2025-12-31 22:39:27', '2025-12-31 22:39:27', 1),
(356, 8, 21, 6, 359000, 0, '2025-12-31 22:39:27', '2025-12-31 22:39:27', 1),
(357, 8, 21, 7, 359000, 0, '2025-12-31 22:39:27', '2025-12-31 22:39:27', 1),
(358, 8, 21, 8, 359000, 0, '2025-12-31 22:39:27', '2025-12-31 22:39:27', 1),
(359, 9, 2, 8, 150000, 0, '2025-12-31 22:39:27', '2025-12-31 22:39:27', 1),
(360, 9, 4, 1, 150000, 0, '2025-12-31 22:39:27', '2025-12-31 22:39:27', 1),
(361, 9, 4, 2, 150000, 0, '2025-12-31 22:39:27', '2025-12-31 22:39:27', 1),
(362, 9, 4, 3, 150000, 0, '2025-12-31 22:39:27', '2025-12-31 22:39:27', 1),
(363, 9, 4, 7, 150000, 0, '2025-12-31 22:39:27', '2025-12-31 22:39:27', 1),
(364, 9, 4, 8, 150000, 0, '2025-12-31 22:39:27', '2025-12-31 22:39:27', 1),
(365, 9, 6, 1, 150000, 0, '2025-12-31 22:39:27', '2025-12-31 22:39:27', 1),
(366, 9, 6, 2, 150000, 0, '2025-12-31 22:39:27', '2025-12-31 22:39:27', 1),
(367, 9, 6, 7, 150000, 0, '2025-12-31 22:39:27', '2025-12-31 22:39:27', 1),
(368, 9, 6, 8, 150000, 0, '2025-12-31 22:39:27', '2025-12-31 22:39:27', 1),
(369, 9, 7, 1, 160000, 0, '2025-12-31 22:39:27', '2025-12-31 22:39:27', 1),
(370, 9, 7, 2, 160000, 0, '2025-12-31 22:39:27', '2025-12-31 22:39:27', 1),
(371, 9, 7, 3, 160000, 0, '2025-12-31 22:39:27', '2025-12-31 22:39:27', 1),
(372, 9, 7, 7, 160000, 0, '2025-12-31 22:39:27', '2025-12-31 22:39:27', 1),
(373, 9, 7, 8, 160000, 0, '2025-12-31 22:39:27', '2025-12-31 22:39:27', 1),
(374, 9, 18, 1, 160000, 0, '2025-12-31 22:39:27', '2025-12-31 22:39:27', 1),
(375, 9, 18, 2, 160000, 0, '2025-12-31 22:39:27', '2025-12-31 22:39:27', 1),
(376, 9, 18, 7, 160000, 0, '2025-12-31 22:39:27', '2025-12-31 22:39:27', 1),
(377, 9, 18, 8, 160000, 0, '2025-12-31 22:39:27', '2025-12-31 22:39:27', 1),
(378, 10, 2, 1, 299000, 0, '2025-12-31 22:39:27', '2025-12-31 22:39:27', 1),
(379, 10, 2, 2, 299000, 0, '2025-12-31 22:39:27', '2025-12-31 22:39:27', 1),
(380, 10, 2, 5, 299000, 0, '2025-12-31 22:39:27', '2025-12-31 22:39:27', 1),
(381, 10, 4, 8, 299000, 0, '2025-12-31 22:39:27', '2025-12-31 22:39:27', 1),
(382, 11, 1, 1, 495000, 0, '2025-12-31 22:39:27', '2025-12-31 22:39:27', 1),
(383, 11, 1, 2, 495000, 0, '2025-12-31 22:39:27', '2025-12-31 22:39:27', 1),
(384, 11, 1, 7, 495000, 0, '2025-12-31 22:39:27', '2025-12-31 22:39:27', 1),
(385, 11, 1, 8, 495000, 0, '2025-12-31 22:39:27', '2025-12-31 22:39:27', 1),
(386, 11, 2, 1, 495000, 0, '2025-12-31 22:39:27', '2025-12-31 22:39:27', 1),
(387, 11, 2, 2, 495000, 0, '2025-12-31 22:39:27', '2025-12-31 22:39:27', 1),
(388, 11, 2, 6, 495000, 0, '2025-12-31 22:39:27', '2025-12-31 22:39:27', 1),
(389, 11, 2, 8, 495000, 0, '2025-12-31 22:39:27', '2025-12-31 22:39:27', 1),
(390, 11, 5, 1, 435000, 0, '2025-12-31 22:39:27', '2025-12-31 22:39:27', 1),
(391, 11, 5, 2, 435000, 0, '2025-12-31 22:39:27', '2025-12-31 22:39:27', 1),
(392, 11, 5, 6, 435000, 0, '2025-12-31 22:39:27', '2025-12-31 22:39:27', 1),
(393, 11, 5, 7, 435000, 0, '2025-12-31 22:39:27', '2025-12-31 22:39:27', 1),
(394, 11, 5, 8, 435000, 0, '2025-12-31 22:39:27', '2025-12-31 22:39:27', 1),
(395, 11, 7, 2, 435000, 0, '2025-12-31 22:39:27', '2025-12-31 22:39:27', 1),
(396, 11, 7, 3, 435000, 0, '2025-12-31 22:39:27', '2025-12-31 22:39:27', 1),
(397, 11, 7, 4, 435000, 0, '2025-12-31 22:39:27', '2025-12-31 22:39:27', 1),
(398, 11, 7, 5, 435000, 0, '2025-12-31 22:39:27', '2025-12-31 22:39:27', 1),
(399, 11, 7, 8, 435000, 0, '2025-12-31 22:39:27', '2025-12-31 22:39:27', 1),
(400, 11, 16, 1, 435000, 0, '2025-12-31 22:39:27', '2025-12-31 22:39:27', 1),
(401, 11, 16, 2, 435000, 0, '2025-12-31 22:39:27', '2025-12-31 22:39:27', 1),
(402, 11, 16, 5, 435000, 0, '2025-12-31 22:39:27', '2025-12-31 22:39:27', 1),
(403, 11, 16, 6, 435000, 0, '2025-12-31 22:39:27', '2025-12-31 22:39:27', 1),
(404, 11, 16, 7, 435000, 0, '2025-12-31 22:39:27', '2025-12-31 22:39:27', 1),
(405, 11, 16, 8, 435000, 0, '2025-12-31 22:39:27', '2025-12-31 22:39:27', 1),
(406, 11, 21, 1, 435000, 0, '2025-12-31 22:39:27', '2025-12-31 22:39:27', 1),
(407, 11, 21, 2, 435000, 0, '2025-12-31 22:39:27', '2025-12-31 22:39:27', 1),
(408, 11, 21, 5, 435000, 0, '2025-12-31 22:39:27', '2025-12-31 22:39:27', 1),
(409, 11, 21, 6, 435000, 0, '2025-12-31 22:39:27', '2025-12-31 22:39:27', 1),
(410, 11, 21, 7, 435000, 0, '2025-12-31 22:39:27', '2025-12-31 22:39:27', 1),
(411, 11, 21, 8, 435000, 0, '2025-12-31 22:39:27', '2025-12-31 22:39:27', 1),
(412, 12, 10, 4, 2500000, 0, '2025-12-31 22:39:27', '2025-12-31 22:39:27', 1),
(413, 12, 10, 5, 2500000, 0, '2025-12-31 22:39:27', '2025-12-31 22:39:27', 1),
(414, 12, 10, 7, 2500000, 0, '2025-12-31 22:39:27', '2025-12-31 22:39:27', 1),
(415, 12, 10, 8, 2500000, 0, '2025-12-31 22:39:27', '2025-12-31 22:39:27', 1),
(416, 12, 11, 1, 3000000, 0, '2025-12-31 22:39:27', '2025-12-31 22:39:27', 1),
(417, 12, 11, 2, 3000000, 0, '2025-12-31 22:39:27', '2025-12-31 22:39:27', 1),
(418, 12, 11, 3, 3000000, 0, '2025-12-31 22:39:27', '2025-12-31 22:39:27', 1),
(419, 12, 11, 4, 3000000, 0, '2025-12-31 22:39:27', '2025-12-31 22:39:27', 1),
(420, 13, 1, 1, 50000, 0, '2025-12-31 22:39:27', '2025-12-31 22:39:27', 1),
(421, 13, 1, 2, 50000, 0, '2025-12-31 22:39:27', '2025-12-31 22:39:27', 1),
(422, 13, 1, 3, 50000, 0, '2025-12-31 22:39:27', '2025-12-31 22:39:27', 1),
(423, 13, 1, 4, 50000, 0, '2025-12-31 22:39:27', '2025-12-31 22:39:27', 1),
(424, 13, 2, 1, 45000, 0, '2025-12-31 22:39:27', '2025-12-31 22:39:27', 1),
(425, 13, 2, 2, 45000, 0, '2025-12-31 22:39:27', '2025-12-31 22:39:27', 1),
(426, 13, 2, 3, 45000, 0, '2025-12-31 22:39:27', '2025-12-31 22:39:27', 1),
(427, 13, 2, 6, 45000, 0, '2025-12-31 22:39:27', '2025-12-31 22:39:27', 1),
(428, 13, 2, 8, 45000, 0, '2025-12-31 22:39:27', '2025-12-31 22:39:27', 1),
(429, 13, 3, 1, 45000, 0, '2025-12-31 22:39:27', '2025-12-31 22:39:27', 1),
(430, 13, 3, 7, 45000, 0, '2025-12-31 22:39:27', '2025-12-31 22:39:27', 1),
(431, 13, 3, 8, 45000, 0, '2025-12-31 22:39:27', '2025-12-31 22:39:27', 1),
(432, 14, 1, 3, 450000, 0, '2025-12-31 22:39:27', '2025-12-31 22:39:27', 1),
(433, 14, 1, 7, 450000, 0, '2025-12-31 22:39:27', '2025-12-31 22:39:27', 1),
(434, 14, 1, 8, 450000, 0, '2025-12-31 22:39:27', '2025-12-31 22:39:27', 1),
(435, 14, 2, 1, 450000, 0, '2025-12-31 22:39:27', '2025-12-31 22:39:27', 1),
(436, 14, 2, 2, 450000, 0, '2025-12-31 22:39:27', '2025-12-31 22:39:27', 1),
(437, 14, 2, 3, 450000, 0, '2025-12-31 22:39:27', '2025-12-31 22:39:27', 1),
(438, 14, 2, 7, 450000, 0, '2025-12-31 22:39:27', '2025-12-31 22:39:27', 1),
(439, 14, 2, 8, 450000, 0, '2025-12-31 22:39:27', '2025-12-31 22:39:27', 1),
(440, 14, 22, 1, 500000, 0, '2025-12-31 22:39:27', '2025-12-31 22:39:27', 1),
(441, 14, 22, 2, 500000, 0, '2025-12-31 22:39:27', '2025-12-31 22:39:27', 1),
(442, 14, 22, 3, 500000, 0, '2025-12-31 22:39:27', '2025-12-31 22:39:27', 1),
(443, 14, 22, 7, 500000, 0, '2025-12-31 22:39:27', '2025-12-31 22:39:27', 1),
(444, 14, 22, 8, 500000, 0, '2025-12-31 22:39:27', '2025-12-31 22:39:27', 1),
(445, 14, 23, 1, 500000, 0, '2025-12-31 22:39:27', '2025-12-31 22:39:27', 1),
(446, 14, 23, 2, 500000, 0, '2025-12-31 22:39:27', '2025-12-31 22:39:27', 1),
(447, 14, 23, 3, 500000, 0, '2025-12-31 22:39:27', '2025-12-31 22:39:27', 1),
(448, 14, 23, 6, 500000, 0, '2025-12-31 22:39:27', '2025-12-31 22:39:27', 1),
(449, 14, 23, 7, 500000, 0, '2025-12-31 22:39:27', '2025-12-31 22:39:27', 1),
(450, 14, 23, 8, 500000, 0, '2025-12-31 22:39:27', '2025-12-31 22:39:27', 1),
(451, 15, 2, 7, 399000, 0, '2025-12-31 22:39:27', '2025-12-31 22:39:27', 1),
(452, 15, 2, 8, 399000, 0, '2025-12-31 22:39:27', '2025-12-31 22:39:27', 1),
(453, 15, 21, 5, 399000, 0, '2025-12-31 22:39:27', '2025-12-31 22:39:27', 1),
(454, 15, 21, 6, 399000, 0, '2025-12-31 22:39:27', '2025-12-31 22:39:27', 1),
(455, 15, 21, 7, 399000, 0, '2025-12-31 22:39:27', '2025-12-31 22:39:27', 1),
(456, 15, 21, 8, 399000, 0, '2025-12-31 22:39:27', '2025-12-31 22:39:27', 1),
(457, 16, 2, 5, 290000, 0, '2025-12-31 22:39:27', '2025-12-31 22:39:27', 1),
(458, 16, 2, 6, 290000, 0, '2025-12-31 22:39:27', '2025-12-31 22:39:27', 1),
(459, 16, 2, 7, 290000, 0, '2025-12-31 22:39:27', '2025-12-31 22:39:27', 1),
(460, 16, 2, 8, 290000, 0, '2025-12-31 22:39:27', '2025-12-31 22:39:27', 1),
(461, 16, 21, 1, 310000, 0, '2025-12-31 22:39:27', '2025-12-31 22:39:27', 1),
(462, 16, 21, 2, 310000, 0, '2025-12-31 22:39:27', '2025-12-31 22:39:27', 1),
(463, 16, 21, 6, 310000, 0, '2025-12-31 22:39:27', '2025-12-31 22:39:27', 1),
(464, 16, 21, 8, 310000, 0, '2025-12-31 22:39:27', '2025-12-31 22:39:27', 1),
(465, 17, 2, 1, 200000, 0, '2025-12-31 22:39:27', '2025-12-31 22:39:27', 1),
(466, 17, 2, 2, 200000, 0, '2025-12-31 22:39:27', '2025-12-31 22:39:27', 1),
(467, 17, 2, 3, 200000, 0, '2025-12-31 22:39:27', '2025-12-31 22:39:27', 1),
(468, 17, 2, 4, 200000, 0, '2025-12-31 22:39:27', '2025-12-31 22:39:27', 1),
(469, 17, 2, 6, 200000, 0, '2025-12-31 22:39:27', '2025-12-31 22:39:27', 1),
(470, 17, 2, 8, 200000, 0, '2025-12-31 22:39:27', '2025-12-31 22:39:27', 1),
(471, 17, 4, 1, 200000, 0, '2025-12-31 22:39:27', '2025-12-31 22:39:27', 1),
(472, 17, 4, 2, 200000, 0, '2025-12-31 22:39:27', '2025-12-31 22:39:27', 1),
(473, 17, 4, 7, 200000, 0, '2025-12-31 22:39:27', '2025-12-31 22:39:27', 1),
(474, 17, 4, 8, 200000, 0, '2025-12-31 22:39:27', '2025-12-31 22:39:27', 1),
(475, 17, 7, 3, 200000, 0, '2025-12-31 22:39:27', '2025-12-31 22:39:27', 1),
(476, 17, 7, 4, 200000, 0, '2025-12-31 22:39:27', '2025-12-31 22:39:27', 1),
(477, 17, 7, 7, 200000, 0, '2025-12-31 22:39:27', '2025-12-31 22:39:27', 1),
(478, 17, 7, 8, 200000, 0, '2025-12-31 22:39:27', '2025-12-31 22:39:27', 1),
(479, 17, 21, 1, 200000, 0, '2025-12-31 22:39:27', '2025-12-31 22:39:27', 1),
(480, 17, 21, 2, 200000, 0, '2025-12-31 22:39:27', '2025-12-31 22:39:27', 1),
(481, 17, 21, 6, 200000, 0, '2025-12-31 22:39:27', '2025-12-31 22:39:27', 1),
(482, 17, 21, 8, 200000, 0, '2025-12-31 22:39:27', '2025-12-31 22:39:27', 1),
(483, 18, 1, 3, 95000, 0, '2025-12-31 22:39:27', '2025-12-31 22:39:27', 1),
(484, 18, 1, 7, 95000, 0, '2025-12-31 22:39:27', '2025-12-31 22:39:27', 1),
(485, 18, 1, 8, 95000, 0, '2025-12-31 22:39:27', '2025-12-31 22:39:27', 1),
(486, 18, 2, 3, 95000, 0, '2025-12-31 22:39:27', '2025-12-31 22:39:27', 1),
(487, 18, 2, 7, 95000, 0, '2025-12-31 22:39:27', '2025-12-31 22:39:27', 1),
(488, 18, 2, 8, 95000, 0, '2025-12-31 22:39:27', '2025-12-31 22:39:27', 1),
(489, 19, 1, 3, 85000, 0, '2025-12-31 22:39:27', '2025-12-31 22:39:27', 1),
(490, 19, 1, 7, 85000, 0, '2025-12-31 22:39:27', '2025-12-31 22:39:27', 1),
(491, 19, 1, 8, 85000, 0, '2025-12-31 22:39:27', '2025-12-31 22:39:27', 1),
(492, 19, 2, 1, 85000, 0, '2025-12-31 22:39:27', '2025-12-31 22:39:27', 1),
(493, 19, 2, 2, 85000, 0, '2025-12-31 22:39:27', '2025-12-31 22:39:27', 1),
(494, 19, 2, 3, 85000, 0, '2025-12-31 22:39:27', '2025-12-31 22:39:27', 1),
(495, 19, 2, 7, 85000, 0, '2025-12-31 22:39:27', '2025-12-31 22:39:27', 1),
(496, 19, 2, 8, 85000, 0, '2025-12-31 22:39:27', '2025-12-31 22:39:27', 1),
(497, 21, 3, 5, 150000, 0, '2025-12-31 22:39:27', '2025-12-31 22:39:27', 1),
(498, 21, 3, 6, 150000, 0, '2025-12-31 22:39:27', '2025-12-31 22:39:27', 1),
(499, 21, 3, 7, 150000, 0, '2025-12-31 22:39:27', '2025-12-31 22:39:27', 1),
(500, 21, 3, 8, 150000, 0, '2025-12-31 22:39:27', '2025-12-31 22:39:27', 1),
(501, 21, 4, 1, 175000, 0, '2025-12-31 22:39:27', '2025-12-31 22:39:27', 1),
(502, 21, 4, 2, 175000, 0, '2025-12-31 22:39:27', '2025-12-31 22:39:27', 1),
(503, 21, 4, 3, 175000, 0, '2025-12-31 22:39:27', '2025-12-31 22:39:27', 1),
(504, 21, 4, 4, 175000, 0, '2025-12-31 22:39:27', '2025-12-31 22:39:27', 1);

-- --------------------------------------------------------

--
-- Table structure for table `danhgia`
--

CREATE TABLE `danhgia` (
  `MaDG` int(11) NOT NULL,
  `MaUser` int(11) DEFAULT NULL,
  `SoSao` int(11) DEFAULT NULL,
  `NoiDung` text DEFAULT NULL,
  `HinhAnhDG` varchar(255) DEFAULT NULL,
  `ThoiGian` datetime DEFAULT current_timestamp(),
  `Status` int(11) DEFAULT NULL,
  `PhanHoiAdmin` text DEFAULT NULL,
  `NgayDanhGia` datetime DEFAULT current_timestamp(),
  `MaCTSP` int(11) DEFAULT NULL,
  `MaCTHD` int(11) DEFAULT NULL
) ENGINE=InnoDB DEFAULT CHARSET=utf8mb4 COLLATE=utf8mb4_general_ci;

--
-- Dumping data for table `danhgia`
--

INSERT INTO `danhgia` (`MaDG`, `MaUser`, `SoSao`, `NoiDung`, `HinhAnhDG`, `ThoiGian`, `Status`, `PhanHoiAdmin`, `NgayDanhGia`, `MaCTSP`, `MaCTHD`) VALUES
(53, 2, 5, 'Giày đẹp, đi rất êm.', NULL, '2026-01-04 21:19:06', 1, NULL, '2026-01-04 21:19:06', 4, 1),
(54, 3, 4, 'Form ổn, giao hàng nhanh.', NULL, '2026-01-05 21:19:06', 1, NULL, '2026-01-05 21:19:06', 6, 2),
(55, 2, 3, 'Ổn trong tầm giá.', NULL, '2026-01-06 21:19:06', 1, NULL, '2026-01-06 21:19:06', 7, 2),
(56, 3, 5, 'San Pham chat luong, se ung ho shop lan tiep theo', '', '2026-01-18 23:26:15', 1, NULL, '2026-01-18 23:26:15', 179, NULL),
(57, 3, 4, 'San Pham dung nhu mo ta, se ung ho shop lan tiep theo.', '', '2026-01-19 10:47:57', 1, NULL, '2026-01-19 10:47:57', 2, NULL),
(58, 3, 1, 'Sản phẩm chưa tốt, không đúng với mô tả', '', '2026-01-19 10:59:31', 1, NULL, '2026-01-19 10:59:31', 179, 10),
(59, 3, 4, 'Shop tư vấn nhiệt tình, giao hàng nhanh, sẽ ủng hộ shop lần tiếp theo', '', '2026-01-19 11:15:53', 1, NULL, '2026-01-19 11:15:53', 81, 42),
(60, 3, 1, 'Giao hàng quá lâu, sản phẩm không giống như hình ảnh', '', '2026-01-19 11:18:40', 1, NULL, '2026-01-19 11:18:40', 146, 41),
(61, 3, 5, 'Giao hàng nhanh chón, shop tư vấn nhiệt tình, thân thiện', '', '2026-01-19 11:34:26', 1, NULL, '2026-01-19 11:34:26', 2, 39),
(62, 3, 5, 'Dép mới mua đi êm chân, sản phẩm đúng như hình ảnh mô tả, tư vấn nhiệt tình', '', '2026-01-19 14:27:53', 1, NULL, '2026-01-19 14:27:53', 287, 43),
(63, 3, 4, 'Sản phẩm đẹp, giày đi êm chân nhưng khi nhận hàng thì hộp giày hơi bị dơ', '', '2026-01-19 14:37:15', 1, NULL, '2026-01-19 14:37:15', 203, 44),
(64, 3, 5, 'Sản phẩm đúng như mô tả, thân hiện và tư vấn nhiệt tình', '1768810476183-scaled_32.png', '2026-01-19 15:14:36', 1, NULL, '2026-01-19 15:14:36', 267, 46);

-- --------------------------------------------------------

--
-- Table structure for table `diachi`
--

CREATE TABLE `diachi` (
  `MaDC` int(11) NOT NULL,
  `MaUser` int(11) DEFAULT NULL,
  `TenNguoiNhan` varchar(255) DEFAULT NULL,
  `SDT` varchar(20) DEFAULT NULL,
  `DiaChiChiTiet` text DEFAULT NULL,
  `LaMacDinh` tinyint(1) DEFAULT 0,
  `Status` tinyint(1) DEFAULT 1
) ENGINE=InnoDB DEFAULT CHARSET=utf8mb4 COLLATE=utf8mb4_general_ci;

--
-- Dumping data for table `diachi`
--

INSERT INTO `diachi` (`MaDC`, `MaUser`, `TenNguoiNhan`, `SDT`, `DiaChiChiTiet`, `LaMacDinh`, `Status`) VALUES
(32, 3, 'Do Tan Nhat Huy', '0000000000', 'Huyen Nam Can, tinh Ca Mau', 0, 1),
(33, 3, 'Tran Ho Khanh Duy', '1111111111', 'Quan 4, Thanh Pho Ho Chi Minh', 0, 1),
(34, 3, 'Booo', '5555555555', 'Ho Tay, Ha Noi', 0, 1),
(37, 3, 'Nguyen Minh Nhan', '8888888888', 'Quan 1, Thanh Pho Ho Chi Minh', 0, 1),
(39, 3, 'Nguyen Thi Be Ba', '0000000000', 'Dia chi dang cap nhat', 0, 1),
(40, 3, 'Nguyễn Minh Công', '0783357733', 'Ấp Luỹ, xã Phước Lại, huyện Cần Giuộc, tỉnh Long An', 0, 1),
(45, 6, 'Nguyen Minh Cong', '0783357722', '65 Huynh Thuc Khang Quan 1 Thanh Pho Ho Chi Minh', 1, 1),
(46, 2, 'Nguyễn Nhật Nam', '0783357722', 'Ap Luy - Phuoc Lai - Can Giuoc - Long An', 1, 1),
(49, 3, 'Pham Tan Phat - PTP - Cap Nhap', '0783357733', 'Quan 2, Thanh Pho Ho Chi Minh', 0, 1),
(55, 3, 'Pham Tan Phat - PT', '0783357733', 'Huyen Cu Chi, Thanh Pho Ho Chi Minh', 0, 1),
(56, 3, 'Nguyen Van Sanh - NVS', '1234567890', 'Nha Be Thanh Pho Ho Chi Minh', 0, 1),
(57, 3, 'Pham Tan Phat - PT', '0783357733', 'Huyen Cai Lay - Tinh Tien Giang', 0, 1),
(58, 3, 'Nguyễn Minh Công', '0783357700', 'xã Lũng Cú huyện Đồng Văn tỉnh Hà Giang', 1, 1);

-- --------------------------------------------------------

--
-- Table structure for table `giohang`
--

CREATE TABLE `giohang` (
  `MaGH` int(11) NOT NULL,
  `MaUser` int(11) DEFAULT NULL,
  `CreatedAt` datetime DEFAULT current_timestamp(),
  `UpdatedAt` datetime DEFAULT current_timestamp() ON UPDATE current_timestamp(),
  `Status` int(11) DEFAULT NULL
) ENGINE=InnoDB DEFAULT CHARSET=utf8mb4 COLLATE=utf8mb4_general_ci;

--
-- Dumping data for table `giohang`
--

INSERT INTO `giohang` (`MaGH`, `MaUser`, `CreatedAt`, `UpdatedAt`, `Status`) VALUES
(1, 1, '2026-01-01 22:37:44', '2026-01-01 22:37:44', 1),
(2, 3, '2026-01-02 14:37:08', '2026-01-02 14:37:08', NULL),
(3, 6, '2026-01-14 20:58:11', '2026-01-14 20:58:11', 1),
(4, 2, '2026-01-14 21:29:20', '2026-01-14 21:29:20', 1),
(5, 7, '2026-01-17 11:48:03', '2026-01-17 11:48:03', 1),
(6, 8, '2026-01-17 11:56:56', '2026-01-17 11:56:56', 1),
(7, 10, '2026-01-17 14:29:08', '2026-01-17 14:29:08', 1);

-- --------------------------------------------------------

--
-- Table structure for table `hinhanh`
--

CREATE TABLE `hinhanh` (
  `MaHA` int(11) NOT NULL,
  `UrlHA` varchar(255) DEFAULT NULL,
  `laAnhChinh` tinyint(1) DEFAULT 0,
  `MaCTSP` int(11) DEFAULT NULL,
  `MaMau` int(11) DEFAULT NULL
) ENGINE=InnoDB DEFAULT CHARSET=utf8mb4 COLLATE=utf8mb4_general_ci;

--
-- Dumping data for table `hinhanh`
--

INSERT INTO `hinhanh` (`MaHA`, `UrlHA`, `laAnhChinh`, `MaCTSP`, `MaMau`) VALUES
(1, 'sp1_1.jpg', 1, 1, 1),
(2, 'sp1_2.jpg', 0, 1, 1),
(3, 'sp1_3.jpg', 0, 1, 1),
(4, 'sp1_4.jpg', 0, 1, 1),
(5, 'sp1_5.jpg', 0, 1, 1),
(6, 'sp2_den_trang.jpg', 1, 9, 19),
(7, 'sp2_trang.jpg', 1, 17, 1),
(8, 'sp2_trang_xam.jpg', 1, 25, 20),
(9, 'sp3_mautrang_anh1.jpg', 1, 40, 1),
(10, 'sp3_mautrang_anh2.jpg', 0, 40, 1),
(11, 'sp3_mauden_anh1.jpg', 1, 32, 2),
(12, 'sp3_mauden_anh2.jpg', 0, 32, 2),
(13, 'sp3_maudentrang_anh1.jpg', 1, 48, 19),
(14, 'sp3_maudentrang_anh2.jpg', 0, 48, 19),
(15, 'sp4_maunau.jpg', 1, 56, 3),
(16, 'sp4_mauxanhluc.jpg', 1, 64, 16),
(17, 'sp4_mauxanhlam_anh1.jpg', 1, 72, 17),
(18, 'sp4_mauxanhlam_anh2.jpg', 0, 72, 17),
(19, 'sp5_mauden_anh1.jpg', 1, 81, 2),
(20, 'sp5_mauden_anh2.jpg', 0, 81, 2),
(21, 'sp5_mauxanhduong_anh1.jpg', 1, 79, 14),
(22, 'sp5_mauxanhduong_anh2.jpg', 0, 79, 14),
(23, 'sp5_maucam_anh1.jpg', 1, 322, 15),
(24, 'sp5_maucam_anh2.jpg', 0, 322, 15),
(25, 'sp6_mauden_anh1.jpg', 1, 100, 2),
(26, 'sp6_mauden_anh2.jpg', 0, 100, 2),
(27, 'sp6_maube_anh1.jpg', 1, 330, 5),
(28, 'sp6_maube_anh2.jpg', 0, 330, 5),
(29, 'sp6_mauxanhduong_anh1.jpg', 1, 96, 14),
(30, 'sp6_mauxanhduong_anh2.jpg', 0, 96, 14),
(31, 'sp6_mauxanhluc_anh1.jpg', 1, 339, 16),
(32, 'sp6_mauxanhluc_anh2.jpg', 0, 339, 16),
(33, 'sp7_mauden_anh1.jpg', 1, 108, 2),
(35, 'sp7_maunau_anh1.jpg', 1, 343, 3),
(37, 'sp8_mauden_anh1.jpg', 1, 124, 2),
(39, 'sp8_mauxanhluc_anh1.jpg', 1, 348, 16),
(41, 'sp8_maudo_anh1.jpg', 1, 354, 21),
(43, 'sp9_mauden_anh1.jpg', 1, 136, 2),
(44, 'sp9_mauden_anh2.jpg', 0, 136, 2),
(45, 'sp9_mauxam_anh1.jpg', 1, 360, 4),
(46, 'sp9_maubac_anh1.jpg', 1, 365, 6),
(47, 'sp9_mauhong_anh1.jpg', 1, 369, 7),
(48, 'sp9_mauvang_anh1.jpg', 1, 374, 18),
(49, 'sp10_mauden_anh1.jpg', 1, 378, 2),
(50, 'sp10_mauden_anh2.jpg', 0, 378, 2),
(51, 'sp10_mauxam_anh1.jpg', 1, 153, 4),
(52, 'sp10_mauxam_anh2.jpg', 0, 153, 4),
(53, 'sp11_mautrang_anh1.jpg', 1, 382, 1),
(54, 'sp11_mautrang_anh2.jpg', 0, 382, 1),
(55, 'sp11_mauden_anh1.jpg', 1, 386, 2),
(56, 'sp11_maube_anh1.jpg', 1, 390, 5),
(57, 'sp11_mauhong_anh1.jpg', 1, 172, 7),
(58, 'sp11_mauxanhluc_anh1.jpg', 1, 400, 16),
(59, 'sp11_maudo_anh1.jpg', 1, 406, 21),
(60, 'sp12_mautrangnyvang_anh1.jpg', 1, 183, 8),
(61, 'sp12_mautrangnyvang_anh2.jpg', 0, 182, 8),
(62, 'sp12_mautrangnyden_anh1.jpg', 1, 191, 9),
(63, 'sp12_mautrangla_anh1.jpg', 1, 199, 10),
(64, 'sp12_mautrangboston_anh1.jpg', 1, 416, 11),
(65, 'sp13_mautrang_anh1.jpg', 1, 420, 1),
(66, 'sp13_mautrang_anh2.jpg', 0, 420, 1),
(67, 'sp13_mauden_anh1.jpg', 1, 424, 2),
(68, 'sp13_maunau_anh1.jpg', 1, 429, 2),
(69, 'sp14_mautrang_anh1.jpg', 1, 224, 1),
(70, 'sp14_mautrang_anh2.jpg', 0, 224, 1),
(71, 'sp14_mauden_anh1.jpg', 1, 435, 2),
(72, 'sp14_mautrangcocao_anh1.jpg', 1, 440, 22),
(73, 'sp14_maudencocao_anh1.jpg', 1, 445, 23),
(74, 'sp15_mauden_anh1.jpg', 1, 232, 2),
(75, 'sp15_mauden_anh2.jpg', 0, 232, 2),
(76, 'sp15_mauden_anh3.jpg', 0, 232, 2),
(77, 'sp15_mauden_anh4.jpg', 0, 232, 2),
(78, 'sp15_maudo_anh1.jpg', 1, 238, 21),
(79, 'sp15_maudo_anh2.jpg', 0, 238, 21),
(80, 'sp16_mauden_anh1.jpg', 1, 232, 2),
(81, 'sp16_mauden_anh2.jpg', 0, 232, 2),
(82, 'sp16_mauden_anh3.jpg', 0, 232, 2),
(83, 'sp16_mauden_anh4.jpg', 0, 232, 2),
(84, 'sp16_maudo_anh1.jpg', 1, 238, 21),
(85, 'sp16_maud0_anh2.jpg', 0, 238, 21),
(86, 'sp17_mauden_anh1.jpg', 1, 465, 2),
(87, 'sp17_mauden_anh2.jpg', 0, 465, 2),
(88, 'sp17_mauxam_anh1.jpg', 1, 471, 4),
(89, 'sp17_mauhong_anh1.jpg', 1, 262, 7),
(90, 'sp17_maudo_anh1.jpg', 1, 479, 21),
(91, 'sp18_mauden_anh1.jpg', 1, 267, 2),
(92, 'sp18_mauden_anh2.jpg', 0, 267, 2),
(93, 'sp18_mautrang_anh1.jpg', 1, 272, 1),
(94, 'sp18_mautrang_anh2.jpg', 0, 272, 1),
(95, 'sp19_mautrang_anh1.jpg', 1, 277, 1),
(96, 'sp19_mautrang_anh2.jpg', 0, 277, 1),
(97, 'sp19_mauden_anh1.jpg', 1, 492, 2),
(98, 'sp20_mauden_anh1.jpg', 1, 282, 2),
(99, 'sp20_mauden_anh1.jpg', 0, 282, 2),
(100, 'sp20_maunau_anh1.jpg', 1, 290, 3),
(101, 'sp20_maunau_anh2.jpg', 0, 290, 3),
(102, 'sp21_mauden_anh1.jpg', 1, 298, 2),
(103, 'sp21_mauden_anh1.jpg', 0, 298, 2),
(104, 'sp21_maunau_anh1.jpg', 1, 306, 3),
(105, 'sp21_mauxam_anh1.jpg', 1, 501, 4);

-- --------------------------------------------------------

--
-- Table structure for table `hoadon`
--

CREATE TABLE `hoadon` (
  `MaHD` int(11) NOT NULL,
  `MaUser` int(11) DEFAULT NULL,
  `MaVoucher` varchar(50) DEFAULT NULL,
  `MaPVC` int(11) DEFAULT NULL,
  `TongTienDH` double DEFAULT NULL,
  `Status` int(11) DEFAULT NULL,
  `GiaGiam` double DEFAULT 0,
  `TenNguoiNhan` varchar(255) DEFAULT NULL,
  `SDTNguoiNhan` varchar(20) DEFAULT NULL,
  `DiaChiGiaHang` text DEFAULT NULL,
  `PhiShip` double DEFAULT 0,
  `CreatedAt` datetime DEFAULT current_timestamp(),
  `UpdatedAt` datetime DEFAULT current_timestamp() ON UPDATE current_timestamp(),
  `MaPT` int(11) DEFAULT NULL
) ENGINE=InnoDB DEFAULT CHARSET=utf8mb4 COLLATE=utf8mb4_general_ci;

--
-- Dumping data for table `hoadon`
--

INSERT INTO `hoadon` (`MaHD`, `MaUser`, `MaVoucher`, `MaPVC`, `TongTienDH`, `Status`, `GiaGiam`, `TenNguoiNhan`, `SDTNguoiNhan`, `DiaChiGiaHang`, `PhiShip`, `CreatedAt`, `UpdatedAt`, `MaPT`) VALUES
(1, 3, 'GIAM10', 1, 2070000, 5, 50000, 'Vanh Nguyễn', '0381234567', '123 Đường Số 1, Quận 1, TP.HCM', 0, '2026-01-02 17:22:40', '2026-01-15 22:59:17', NULL),
(2, 3, 'GIAM10', 1, 2070000, 5, 50000, 'Vanh Nguyễn', '0381234567', '123 Đường Số 1, Quận 1, TP.HCM', 0, '2026-01-02 17:25:24', '2026-01-15 22:59:09', NULL),
(5, 3, 'GIAM10', 1, 990000, 5, 50000, 'Nguyen Anh Hao', '0783357733', '65 Huynh Thuc Khang, Quan 1, Thanh Pho Ho Chi Minh', 20000, '2026-01-11 21:32:33', '2026-01-15 22:58:30', 2),
(6, 3, 'SALE15OFF', 9, 150000, 5, 0, 'Nguyễn Minh Công', '0783357733', 'Ấp Luỹ, xã Phước Lại, huyện Cần Giuộc, tỉnh Long An', 55000, '2026-01-11 21:42:23', '2026-01-12 14:04:27', 1),
(7, 3, 'GIAM10', 9, 500500, 4, 49500, 'Nguyen Thanh Thuc', '0987654321', 'Long Hau Long Cang', 55000, '2026-01-11 21:51:40', '2026-01-15 23:55:25', 2),
(8, 3, 'NEWYEAR26', 1, 170000, 5, 20000, 'Nguyen Anh Hao', '0783357733', '65 Huynh Thuc Khang, Quan 1, Thanh Pho Ho Chi Minh', 20000, '2026-01-12 14:40:25', '2026-01-12 14:44:52', 2),
(9, 3, 'GIAM10', 1, 379100, 5, 39900, 'Nguyen Anh Hao', '0783357733', '65 Huynh Thuc Khang, Quan 1, Thanh Pho Ho Chi Minh', 20000, '2026-01-13 07:07:05', '2026-01-15 22:55:18', 3),
(10, 3, 'FREESHIP300', 1, 485000, 5, 25000, 'Nguyen Anh Hao', '0783357733', '65 Huynh Thuc Khang, Quan 1, Thanh Pho Ho Chi Minh', 20000, '2026-01-13 07:13:09', '2026-01-13 07:13:32', 2),
(11, 6, 'FREESHIP300', 1, 415000, 2, 25000, 'Nguyen Minh Cong', '0783357722', '65 Huynh Thuc Khang Quan 1 Thanh Pho Ho Chi Minh', 20000, '2026-01-14 20:59:30', '2026-01-19 14:25:29', 3),
(12, 2, 'GIAM10', 9, 3005000, 4, 50000, 'Nguyễn Nhật Nam', '0783357722', 'Ap Luy - Phuoc Lai - Can Giuoc - Long An', 55000, '2026-01-14 21:31:23', '2026-01-18 15:25:27', 1),
(13, 3, NULL, 1, 770000, 5, 0, 'Nguyen Anh Hao', '0783357733', '65 Huynh Thuc Khang, Quan 1, Thanh Pho Ho Chi Minh', 20000, '2026-01-15 22:56:06', '2026-01-15 22:56:35', 1),
(14, 3, NULL, 1, 195000, 5, 0, 'Nguyen Anh Hao', '0783357733', '65 Huynh Thuc Khang, Quan 1, Thanh Pho Ho Chi Minh', 20000, '2026-01-15 23:03:50', '2026-01-15 23:04:20', 1),
(15, 3, 'NEWYEAR26', 9, 190000, 5, 20000, 'Nguyen Thanh Thuc', '0987654321', 'Long Hau Long Cang', 55000, '2026-01-15 23:15:30', '2026-01-15 23:15:49', 3),
(16, 3, 'GIAM10', 9, 311500, 5, 28500, 'Nguyen Thanh Thuc', '0987654321', 'Long Hau Long Cang', 55000, '2026-01-15 23:23:41', '2026-01-15 23:24:17', 1),
(17, 3, 'GIAM10', 1, 470000, 5, 50000, 'Nguyen Anh Hao', '0783357733', '65 Huynh Thuc Khang, Quan 1, Thanh Pho Ho Chi Minh', 20000, '2026-01-15 23:24:06', '2026-01-15 23:33:34', 1),
(18, 3, NULL, 1, 670000, 5, 0, 'Nguyen Anh Hao', '0783357733', '65 Huynh Thuc Khang, Quan 1, Thanh Pho Ho Chi Minh', 20000, '2026-01-15 23:41:37', '2026-01-15 23:41:43', 1),
(19, 3, NULL, 1, 420000, 5, 0, 'Nguyen Anh Hao', '0783357733', '65 Huynh Thuc Khang, Quan 1, Thanh Pho Ho Chi Minh', 20000, '2026-01-16 09:47:38', '2026-01-16 09:47:45', 1),
(20, 3, NULL, 1, 170000, 5, 0, 'Nguyen Anh Hao', '0783357733', '65 Huynh Thuc Khang, Quan 1, Thanh Pho Ho Chi Minh', 20000, '2026-01-16 10:11:50', '2026-01-16 10:12:01', 1),
(21, 3, 'NEWYEAR26', 1, 170000, 5, 20000, 'Nguyen Anh Hao', '0783357733', '65 Huynh Thuc Khang, Quan 1, Thanh Pho Ho Chi Minh', 20000, '2026-01-16 10:27:17', '2026-01-16 10:27:24', 1),
(22, 3, NULL, 1, 70000, 5, 0, 'Nguyen Anh Hao', '0783357733', '65 Huynh Thuc Khang, Quan 1, Thanh Pho Ho Chi Minh', 20000, '2026-01-16 10:41:54', '2026-01-16 10:42:00', 1),
(23, 3, NULL, 1, 670000, 5, 0, 'Nguyen Anh Hao', '0783357733', '65 Huynh Thuc Khang, Quan 1, Thanh Pho Ho Chi Minh', 20000, '2026-01-16 10:48:08', '2026-01-16 10:48:28', 1),
(24, 3, NULL, 1, 370000, 5, 0, 'Nguyen Anh Hao', '0783357733', '65 Huynh Thuc Khang, Quan 1, Thanh Pho Ho Chi Minh', 20000, '2026-01-16 10:56:49', '2026-01-16 10:56:56', 1),
(25, 3, NULL, 1, 370000, 5, 0, 'Nguyen Anh Hao', '0783357733', '65 Huynh Thuc Khang, Quan 1, Thanh Pho Ho Chi Minh', 20000, '2026-01-16 10:57:22', '2026-01-16 10:57:27', 1),
(26, 3, NULL, 1, 510000, 5, 0, 'Nguyen Anh Hao', '0783357733', '65 Huynh Thuc Khang, Quan 1, Thanh Pho Ho Chi Minh', 20000, '2026-01-16 11:06:32', '2026-01-16 11:06:50', 1),
(27, 3, NULL, 1, 420000, 5, 0, 'Nguyen Anh Hao', '0783357733', '65 Huynh Thuc Khang, Quan 1, Thanh Pho Ho Chi Minh', 20000, '2026-01-16 11:10:49', '2026-01-16 11:12:13', 1),
(28, 3, 'GIAM10', 9, 324100, 5, 29900, 'Nguyễn Tấn Phát', '0987654321', 'Cho Gao Tien Giang', 55000, '2026-01-16 11:11:29', '2026-01-16 11:12:02', 1),
(29, 3, 'GIAM10', 9, 105000, 5, 0, 'Nguyen Thanh Thuc', '0987654321', 'Long Hau Long Cang', 55000, '2026-01-16 11:11:43', '2026-01-16 11:11:53', 1),
(30, 3, NULL, 1, 70000, 5, 0, 'Nguyen Anh Hao', '0783357733', '65 Huynh Thuc Khang, Quan 1, Thanh Pho Ho Chi Minh', 20000, '2026-01-16 11:15:55', '2026-01-16 11:16:38', 1),
(31, 3, NULL, 1, 115000, 5, 0, 'Nguyen Anh Hao', '0783357733', '65 Huynh Thuc Khang, Quan 1, Thanh Pho Ho Chi Minh', 20000, '2026-01-16 11:16:05', '2026-01-16 11:16:32', 1),
(32, 3, NULL, 1, 115000, 5, 0, 'Nguyen Anh Hao', '0783357733', '65 Huynh Thuc Khang, Quan 1, Thanh Pho Ho Chi Minh', 20000, '2026-01-16 11:16:16', '2026-01-16 11:16:26', 1),
(33, 3, 'GIAM10', 9, 845000, 5, 50000, 'Nguyen Nhat Nam', '6789009876', 'Xa My Le, huyen Trang Bang, tinh Tay Ninh', 55000, '2026-01-16 21:31:49', '2026-01-16 21:31:59', 3),
(34, 3, 'NEWYEAR26', 8, 314000, 5, 20000, 'Nguyen Van Sanh - NVS', '1234567890', 'Nha Be Thanh Pho Ho Chi Minh', 35000, '2026-01-18 15:22:05', '2026-01-18 15:22:36', 3),
(35, 3, 'NEWYEAR26', 8, 1315000, 4, 20000, 'Nguyen Van Sanh - NVS', '1234567890', 'Nha Be Thanh Pho Ho Chi Minh', 35000, '2026-01-18 15:23:35', '2026-01-18 15:25:02', 1),
(36, 3, NULL, 8, 685000, 5, 0, 'Pham Tan Phat - PT', '0783357733', 'Huyen Cu Chi, Thanh Pho Ho Chi Minh', 35000, '2026-01-18 20:29:25', '2026-01-18 20:35:16', 3),
(37, 3, NULL, 8, 425000, 4, 0, 'Nguyen Van Sanh - NVS', '1234567890', 'Nha Be Thanh Pho Ho Chi Minh', 35000, '2026-01-18 21:58:28', '2026-01-19 11:13:41', 1),
(38, 3, 'FREESHIP300', 9, 3205000, 4, 25000, 'Nguyễn Minh Công', '0783357700', 'xã Lũng Cú huyện Đồng Văn tỉnh Hà Giang', 55000, '2026-01-19 14:23:37', '2026-01-19 14:25:58', 1),
(39, 3, 'FREESHIP300', 9, 530000, 1, 25000, 'Nguyễn Minh Công', '0783357700', 'xã Lũng Cú huyện Đồng Văn tỉnh Hà Giang', 55000, '2026-01-19 14:48:35', '2026-01-19 14:48:35', 1),
(40, 3, NULL, 9, 150000, 4, 0, 'Nguyễn Minh Công', '0783357700', 'xã Lũng Cú huyện Đồng Văn tỉnh Hà Giang', 55000, '2026-01-19 15:12:00', '2026-01-19 15:12:55', 1);

-- --------------------------------------------------------

--
-- Table structure for table `loaisanpham`
--

CREATE TABLE `loaisanpham` (
  `MaLoai` int(11) NOT NULL,
  `TenLoaiSP` varchar(255) DEFAULT NULL,
  `Icon` varchar(255) DEFAULT NULL
) ENGINE=InnoDB DEFAULT CHARSET=utf8mb4 COLLATE=utf8mb4_general_ci;

--
-- Dumping data for table `loaisanpham`
--

INSERT INTO `loaisanpham` (`MaLoai`, `TenLoaiSP`, `Icon`) VALUES
(1, 'Giày', 'giay_icon.png'),
(2, 'Dép', 'dep_icon.png');

-- --------------------------------------------------------

--
-- Table structure for table `mausac`
--

CREATE TABLE `mausac` (
  `MaMau` int(11) NOT NULL,
  `MauSac` varchar(50) DEFAULT NULL
) ENGINE=InnoDB DEFAULT CHARSET=utf8mb4 COLLATE=utf8mb4_general_ci;

--
-- Dumping data for table `mausac`
--

INSERT INTO `mausac` (`MaMau`, `MauSac`) VALUES
(1, 'Màu Trắng'),
(2, 'Màu Đen'),
(3, 'Màu Nâu'),
(4, 'Màu Xám'),
(5, 'Màu Be'),
(6, 'Màu Bạc'),
(7, 'Màu Hồng'),
(8, 'Trắng NY Vàng'),
(9, 'Trắng NY Đen'),
(10, 'Trắng LA'),
(11, 'Trắng Boston'),
(12, 'Màu Xanh Lá'),
(13, 'Màu Kem'),
(14, 'Màu Xanh Dương'),
(15, 'Màu Cam'),
(16, 'Trắng Xanh Lục'),
(17, 'Trắng Xanh Lam'),
(18, 'Màu vàng'),
(19, 'Màu Đen Trắng'),
(20, 'Màu Trắng Xám'),
(21, 'Màu Đỏ'),
(22, 'Màu Trắng cổ cao'),
(23, 'Màu Đen cổ cao');

-- --------------------------------------------------------

--
-- Table structure for table `phivanchuyen`
--

CREATE TABLE `phivanchuyen` (
  `MaPVC` int(11) NOT NULL,
  `TenKhuVuc` varchar(255) DEFAULT NULL,
  `TinhThanh` varchar(255) DEFAULT NULL,
  `QuanHuyen` varchar(255) DEFAULT NULL,
  `PhiShip` double DEFAULT 0,
  `GhiChu` text DEFAULT NULL
) ENGINE=InnoDB DEFAULT CHARSET=utf8mb4 COLLATE=utf8mb4_general_ci;

--
-- Dumping data for table `phivanchuyen`
--

INSERT INTO `phivanchuyen` (`MaPVC`, `TenKhuVuc`, `TinhThanh`, `QuanHuyen`, `PhiShip`, `GhiChu`) VALUES
(1, 'Nội thành gần', 'TP. Hồ Chí Minh', 'Quận 1', 20000, 'Gần shop'),
(8, 'Các quận còn lại', 'TP. Hồ Chí Minh', NULL, 35000, 'Tất cả quận khác ở HCM'),
(9, 'Tỉnh/Thành khác', 'Default', NULL, 55000, 'Toàn quốc còn lại');

-- --------------------------------------------------------

--
-- Table structure for table `phongchat`
--

CREATE TABLE `phongchat` (
  `MaPhongChat` int(11) NOT NULL,
  `NgayTao` datetime DEFAULT current_timestamp(),
  `MaUserKhach` int(11) DEFAULT NULL,
  `MaUserAdmin` int(11) DEFAULT NULL
) ENGINE=InnoDB DEFAULT CHARSET=utf8mb4 COLLATE=utf8mb4_general_ci;

-- --------------------------------------------------------

--
-- Table structure for table `phuongthucthanhtoan`
--

CREATE TABLE `phuongthucthanhtoan` (
  `MaPT` int(11) NOT NULL,
  `TenPT` varchar(100) NOT NULL,
  `HinhAnh` varchar(255) DEFAULT NULL
) ENGINE=InnoDB DEFAULT CHARSET=utf8mb4 COLLATE=utf8mb4_general_ci;

--
-- Dumping data for table `phuongthucthanhtoan`
--

INSERT INTO `phuongthucthanhtoan` (`MaPT`, `TenPT`, `HinhAnh`) VALUES
(1, 'Thanh toán khi nhận hàng', 'cod.jpg'),
(2, 'ZaloPay', 'zalopay.jpg'),
(3, 'Ví điện tử MoMo', 'momo.jpg');

-- --------------------------------------------------------

--
-- Table structure for table `revoked_tokens`
--

CREATE TABLE `revoked_tokens` (
  `id` int(11) NOT NULL,
  `token` text DEFAULT NULL,
  `expires_at` datetime DEFAULT NULL,
  `revoked_at` datetime DEFAULT current_timestamp()
) ENGINE=InnoDB DEFAULT CHARSET=utf8mb4 COLLATE=utf8mb4_general_ci;

--
-- Dumping data for table `revoked_tokens`
--

INSERT INTO `revoked_tokens` (`id`, `token`, `expires_at`, `revoked_at`) VALUES
(1, 'eyJhbGciOiJIUzI1NiIsInR5cCI6IkpXVCJ9.eyJNYVVzZXIiOjMsImlhdCI6MTc2NzMyMzU5MiwiZXhwIjoxNzY3NDA5OTkyfQ.Aurds_eXXTRTeLgxGCn57SVS6pogsmRz2TPBP2BqDgk', '2026-01-03 10:13:12', '2026-01-02 10:21:13'),
(2, 'eyJhbGciOiJIUzI1NiIsInR5cCI6IkpXVCJ9.eyJNYVVzZXIiOjMsImlhdCI6MTc2ODQwMTY2NywiZXhwIjoxNzY4NDg4MDY3fQ.rwIDnSFa1R3HUD6HILcsZGsIIjPXsMgZ2Q2p3uPsTCQ', '2026-01-15 21:41:07', '2026-01-14 21:41:32'),
(3, 'eyJhbGciOiJIUzI1NiIsInR5cCI6IkpXVCJ9.eyJNYVVzZXIiOjIsImlhdCI6MTc2ODQwMDU5OSwiZXhwIjoxNzY4NDg2OTk5fQ.PJhI6Q9VPgEleLOFdLA7_pqAkPaRiu5ukZGcUFokoCs', '2026-01-15 21:23:19', '2026-01-14 21:50:00'),
(4, 'eyJhbGciOiJIUzI1NiIsInR5cCI6IkpXVCJ9.eyJNYVVzZXIiOjMsImlhdCI6MTc2ODQwMjI1MCwiZXhwIjoxNzY4NDg4NjUwfQ.d4OCHfgH5hdU9IHPVCzLpEWFOIdU2wadXcndmM9x7Ro', '2026-01-15 21:50:50', '2026-01-14 21:55:16'),
(5, 'eyJhbGciOiJIUzI1NiIsInR5cCI6IkpXVCJ9.eyJNYVVzZXIiOjYsImlhdCI6MTc2ODQwMjUzOCwiZXhwIjoxNzY4NDg4OTM4fQ.LBZ9g95uMybe0KYGu-u9s1aiA1sSf4Vm53AWqAcsrdU', '2026-01-15 21:55:38', '2026-01-14 21:56:12'),
(6, 'eyJhbGciOiJIUzI1NiIsInR5cCI6IkpXVCJ9.eyJNYVVzZXIiOjMsImlhdCI6MTc2ODU3ODI4MywiZXhwIjoxNzY4NjY0NjgzfQ.uWKgrmdBtDDTKc5RMLjHeFlYbLalNrIgxHAugev4Sro', '2026-01-17 22:44:43', '2026-01-16 22:45:39'),
(7, 'eyJhbGciOiJIUzI1NiIsInR5cCI6IkpXVCJ9.eyJNYVVzZXIiOjcsImlhdCI6MTc2ODYyMjUxMiwiZXhwIjoxNzY4NzA4OTEyfQ.7bwJxIaa1IxqOAUXpMlIU9jbW6OT3RZiXpIOUgm2nGg', '2026-01-18 11:01:52', '2026-01-17 11:48:56'),
(8, 'eyJhbGciOiJIUzI1NiIsInR5cCI6IkpXVCJ9.eyJNYVVzZXIiOjgsImlhdCI6MTc2ODYyNTgwOSwiZXhwIjoxNzY4NzEyMjA5fQ.GvwHMhXDNrOCifdE4KLOx462cPuernwfxkRy2Q-QLbQ', '2026-01-18 11:56:49', '2026-01-17 12:08:23'),
(9, 'eyJhbGciOiJIUzI1NiIsInR5cCI6IkpXVCJ9.eyJNYVVzZXIiOjksImlhdCI6MTc2ODYyNjU5OCwiZXhwIjoxNzY4NzEyOTk4fQ.PPYMy8SvAdQhd2De58uQMQBUHyfbGrMVEV9urRDAvVc', '2026-01-18 12:09:58', '2026-01-17 12:12:37'),
(10, 'eyJhbGciOiJIUzI1NiIsInR5cCI6IkpXVCJ9.eyJNYVVzZXIiOjgsImlhdCI6MTc2ODYyNjc4MSwiZXhwIjoxNzY4NzEzMTgxfQ.mDSni0V3ccSzldOY0yo5pftvGzPx-BOTwcdWneJgcRA', '2026-01-18 12:13:01', '2026-01-17 12:15:07'),
(11, 'eyJhbGciOiJIUzI1NiIsInR5cCI6IkpXVCJ9.eyJNYVVzZXIiOjEwLCJpYXQiOjE3Njg2MjY5ODIsImV4cCI6MTc2ODcxMzM4Mn0.0JhCHbrwbycAaaZEeVky5teaVW3NPwtKcyLDLSA0L0o', '2026-01-18 12:16:22', '2026-01-17 14:29:48'),
(12, 'eyJhbGciOiJIUzI1NiIsInR5cCI6IkpXVCJ9.eyJNYVVzZXIiOjMsImlhdCI6MTc2ODYzNTAwOSwiZXhwIjoxNzY4NzIxNDA5fQ.d238HMhgyOvEJcxp9thKIDZ-3aGFELAY5sAQ0qRfvVQ', '2026-01-18 14:30:09', '2026-01-17 14:45:57'),
(13, 'eyJhbGciOiJIUzI1NiIsInR5cCI6IkpXVCJ9.eyJNYVVzZXIiOjgsImlhdCI6MTc2ODYzNjA0OCwiZXhwIjoxNzY4NzIyNDQ4fQ.Ha5K0jNFEKLXqRTdJc1H_6gk4c8TM2CZMrbKg6O6gik', '2026-01-18 14:47:28', '2026-01-17 14:49:13'),
(14, 'eyJhbGciOiJIUzI1NiIsInR5cCI6IkpXVCJ9.eyJNYVVzZXIiOjMsImlhdCI6MTc2ODY1MjQxNCwiZXhwIjoxNzY4NzM4ODE0fQ.op1ORl6II54X2ZdHS_KEIKL5GIU7NhymAOZNWqckMxI', '2026-01-18 19:20:14', '2026-01-17 19:37:30'),
(15, 'eyJhbGciOiJIUzI1NiIsInR5cCI6IkpXVCJ9.eyJNYVVzZXIiOjgsImlhdCI6MTc2ODY1MzQ4NCwiZXhwIjoxNzY4NzM5ODg0fQ.G9eliSCGixhA6A1wmsybYsDqNiRsoNzWJms6fuQH8_U', '2026-01-18 19:38:04', '2026-01-17 19:56:10'),
(16, 'eyJhbGciOiJIUzI1NiIsInR5cCI6IkpXVCJ9.eyJNYVVzZXIiOjMsImlhdCI6MTc2ODY1NDYwNCwiZXhwIjoxNzY4NzQxMDA0fQ.DlnjGsF1UXIRIYXLiqlgE0urA2RwQKlwdz076uSL-OE', '2026-01-18 19:56:44', '2026-01-17 20:18:21'),
(17, 'eyJhbGciOiJIUzI1NiIsInR5cCI6IkpXVCJ9.eyJNYVVzZXIiOjgsImlhdCI6MTc2ODY1NTkyNSwiZXhwIjoxNzY4NzQyMzI1fQ.LyZRNb1B45dpyAOAKB_7ej_aON2YUa1-A4JrLhbMsFU', '2026-01-18 20:18:45', '2026-01-17 22:53:41'),
(18, 'eyJhbGciOiJIUzI1NiIsInR5cCI6IkpXVCJ9.eyJNYVVzZXIiOjMsImlhdCI6MTc2ODY2NTI3MCwiZXhwIjoxNzY4NzUxNjcwfQ.J75-cttTYg_OUm2fm7i1ZBMnE08qRRvEH0QAhFkPX1s', '2026-01-18 22:54:30', '2026-01-17 23:02:17'),
(19, 'eyJhbGciOiJIUzI1NiIsInR5cCI6IkpXVCJ9.eyJNYVVzZXIiOjMsImlhdCI6MTc2ODY2NTc3OSwiZXhwIjoxNzY4NzUyMTc5fQ.yKC9ELYSHeLMqM-1mPKJ11f1cA9wNFvyUMaFeXbpqEw', '2026-01-18 23:02:59', '2026-01-17 23:10:55'),
(20, 'eyJhbGciOiJIUzI1NiIsInR5cCI6IkpXVCJ9.eyJNYVVzZXIiOjEwLCJpc0FkbWluIjoxLCJpYXQiOjE3Njg3Mjg2MTksImV4cCI6MTc2ODgxNTAxOX0.Tb64vEPLHmXNLj2eFvtwE0IoBBC6XnXt5u9JcWMtPfg', '2026-01-19 16:30:19', '2026-01-18 16:30:53'),
(21, 'eyJhbGciOiJIUzI1NiIsInR5cCI6IkpXVCJ9.eyJNYVVzZXIiOjMsImlhdCI6MTc2ODY2NjQ1MywiZXhwIjoxNzY4NzUyODUzfQ.X1D_JXki8cPCcihTNSwfKE2Ud_310DDReufl2J1FHXY', '2026-01-18 23:14:13', '2026-01-18 20:30:17'),
(22, 'eyJhbGciOiJIUzI1NiIsInR5cCI6IkpXVCJ9.eyJNYVVzZXIiOjEwLCJpc0FkbWluIjoxLCJpYXQiOjE3Njg3NDMwNDcsImV4cCI6MTc2ODgyOTQ0N30.zpVxIzCueMyWTZCvs9c10cqOBnGreB0aaGOd5W9JYZ4', '2026-01-19 20:30:47', '2026-01-18 20:33:56'),
(23, 'eyJhbGciOiJIUzI1NiIsInR5cCI6IkpXVCJ9.eyJNYVVzZXIiOjEwLCJpc0FkbWluIjoxLCJpYXQiOjE3Njg3NDMyNjMsImV4cCI6MTc2ODgyOTY2M30.ToHevYvWSElnKqyP5hvlDBKkfPnF-raCMxGjf7f3unw', '2026-01-19 20:34:23', '2026-01-18 20:35:31'),
(24, 'eyJhbGciOiJIUzI1NiIsInR5cCI6IkpXVCJ9.eyJNYVVzZXIiOjEwLCJpc0FkbWluIjoxLCJpYXQiOjE3Njg3NDM0NzMsImV4cCI6MTc2ODgyOTg3M30.bzN5VqsymGMl0pwxyeBjV3DdbY_O2Zje4uJCV02TUWQ', '2026-01-19 20:37:53', '2026-01-18 20:38:23'),
(25, 'eyJhbGciOiJIUzI1NiIsInR5cCI6IkpXVCJ9.eyJNYVVzZXIiOjgsImlzQWRtaW4iOjAsImlhdCI6MTc2ODc0MzU1MywiZXhwIjoxNzY4ODI5OTUzfQ.uGtazm2LRLr5Y-1ALvRNXTCEZGL05ESLTxTytr90anA', '2026-01-19 20:39:13', '2026-01-18 20:39:50'),
(26, 'eyJhbGciOiJIUzI1NiIsInR5cCI6IkpXVCJ9.eyJNYVVzZXIiOjMsImlzQWRtaW4iOjAsImlhdCI6MTc2ODc0Mzk1NCwiZXhwIjoxNzY4ODMwMzU0fQ.iwVztGcx06wdj0YkHCHQlUj8r115-WDWXdQzjmTmOn0', '2026-01-19 20:45:54', '2026-01-18 20:47:12'),
(27, 'eyJhbGciOiJIUzI1NiIsInR5cCI6IkpXVCJ9.eyJNYVVzZXIiOjMsImlzQWRtaW4iOjAsImlhdCI6MTc2ODc0NDc0NSwiZXhwIjoxNzY4ODMxMTQ1fQ.tVFLLpIKta1amy7XvrezO9hqOY6rfgnKUuI0NmVcx9U', '2026-01-19 20:59:05', '2026-01-18 21:59:14'),
(28, 'eyJhbGciOiJIUzI1NiIsInR5cCI6IkpXVCJ9.eyJNYVVzZXIiOjEwLCJpc0FkbWluIjoxLCJpYXQiOjE3Njg3NDg0MDAsImV4cCI6MTc2ODgzNDgwMH0.xZp86MkrbUTX7DdGIlqeiQkuWkxZJTK3LsWj2N37e5Q', '2026-01-19 22:00:00', '2026-01-18 22:00:46'),
(29, 'eyJhbGciOiJIUzI1NiIsInR5cCI6IkpXVCJ9.eyJNYVVzZXIiOjMsImlzQWRtaW4iOjAsImlhdCI6MTc2ODc0ODQ3NSwiZXhwIjoxNzY4ODM0ODc1fQ.4PXFvNd8ZKrAU4RsPPnZc8Y6mbFEk-vxSOv1syEZfvQ', '2026-01-19 22:01:15', '2026-01-18 22:13:33'),
(30, 'eyJhbGciOiJIUzI1NiIsInR5cCI6IkpXVCJ9.eyJNYVVzZXIiOjEwLCJpc0FkbWluIjoxLCJpYXQiOjE3Njg3NDkyMzUsImV4cCI6MTc2ODgzNTYzNX0.jpv2A7-r-jLiUnqVgIBIlVVio_9GBs7tS4bwrnBmLNE', '2026-01-19 22:13:55', '2026-01-18 22:16:36'),
(31, 'eyJhbGciOiJIUzI1NiIsInR5cCI6IkpXVCJ9.eyJNYVVzZXIiOjMsImlzQWRtaW4iOjAsImlhdCI6MTc2ODc0OTQyMSwiZXhwIjoxNzY4ODM1ODIxfQ.aJcHlfXi5w6mA-jPbBkwBhDahJp-2eP8UKOQToBQN_Y', '2026-01-19 22:17:01', '2026-01-19 11:12:39'),
(32, 'eyJhbGciOiJIUzI1NiIsInR5cCI6IkpXVCJ9.eyJNYVVzZXIiOjEwLCJpc0FkbWluIjoxLCJpYXQiOjE3Njg3OTU5NzksImV4cCI6MTc2ODg4MjM3OX0.ypZBRGHDNiLenaJ6yqyl5tJKyR8KScZ51ZpasC6CwEM', '2026-01-20 11:12:59', '2026-01-19 11:13:50'),
(33, 'eyJhbGciOiJIUzI1NiIsInR5cCI6IkpXVCJ9.eyJNYVVzZXIiOjMsImlzQWRtaW4iOjAsImlhdCI6MTc2ODc5NjA1MCwiZXhwIjoxNzY4ODgyNDUwfQ.b9MdmvoTS025N-bPXx8fnlmTFHHQjVosWAQHK4bgSqw', '2026-01-20 11:14:10', '2026-01-19 14:24:42'),
(34, 'eyJhbGciOiJIUzI1NiIsInR5cCI6IkpXVCJ9.eyJNYVVzZXIiOjEwLCJpc0FkbWluIjoxLCJpYXQiOjE3Njg4MDc0OTksImV4cCI6MTc2ODg5Mzg5OX0.f1ekHImxVDxP9-dztDGYtoustxxFOsxbVCkgT2jQpHo', '2026-01-20 14:24:59', '2026-01-19 14:26:04'),
(35, 'eyJhbGciOiJIUzI1NiIsInR5cCI6IkpXVCJ9.eyJNYVVzZXIiOjMsImlzQWRtaW4iOjAsImlhdCI6MTc2ODgwNzU4OSwiZXhwIjoxNzY4ODkzOTg5fQ.gRO0dQKe_dkirUDrwlQd0HefEZvhJXjiC-bhUw6X-ZU', '2026-01-20 14:26:29', '2026-01-19 15:12:11'),
(36, 'eyJhbGciOiJIUzI1NiIsInR5cCI6IkpXVCJ9.eyJNYVVzZXIiOjEwLCJpc0FkbWluIjoxLCJpYXQiOjE3Njg4MTAzNTAsImV4cCI6MTc2ODg5Njc1MH0.OdIbzzdXua0ex1KyCULzaB58rXOYXR7HLcjDHHN5j6M', '2026-01-20 15:12:30', '2026-01-19 15:13:04');

-- --------------------------------------------------------

--
-- Table structure for table `sanpham`
--

CREATE TABLE `sanpham` (
  `MaSP` int(11) NOT NULL,
  `TenSP` varchar(255) DEFAULT NULL,
  `MoTa` text DEFAULT NULL,
  `Status` int(11) DEFAULT NULL,
  `MaLoai` int(11) DEFAULT NULL,
  `CreatedAt` datetime DEFAULT current_timestamp(),
  `UpdatedAt` datetime DEFAULT current_timestamp() ON UPDATE current_timestamp()
) ENGINE=InnoDB DEFAULT CHARSET=utf8mb4 COLLATE=utf8mb4_general_ci;

--
-- Dumping data for table `sanpham`
--

INSERT INTO `sanpham` (`MaSP`, `TenSP`, `MoTa`, `Status`, `MaLoai`, `CreatedAt`, `UpdatedAt`) VALUES
(1, 'Giày Nike Air Force 1 07 Triple White CW2288-111', 'Nike Air Force 1 ’07 Triple White là biểu tượng của phong cách đơn giản nhưng tinh tế, mang tới cảm giác cổ điển đậm chất streetwear nhưng vẫn dễ phối đồ trong mọi tình huống.', 1, 1, '2025-12-31 17:40:24', '2025-12-31 17:40:24'),
(2, 'Giày Thể Thao Nữ MWC A197- Giày Thể Thao Nữ Dáng Sneaker Đi Học, Đi Chơi, Giày Thể Thao Nữ Siêu Bền Đẹp, Thời Trang', 'Giày Thể Thao Nữ MWC A197 là lựa chọn lý tưởng dành cho các bạn nữ yêu thích phong cách năng động – trẻ trung – tiện dụng, phù hợp mang hàng ngày từ đi học, đi làm đến đi chơi, dạo phố. Với thiết kế sneaker hiện đại kết hợp sự thoải mái tối đa, MWC A197 không chỉ là một đôi giày mà còn là điểm nhấn thời trang cho mọi outfit.', 1, 1, '2025-12-31 17:40:24', '2025-12-31 17:40:24'),
(3, 'Giày thể thao sneaker nam nữ màu đen, giày chạy bộ, giày học sinh', 'Giày thể thao sneaker nam nữ màu đen là lựa chọn hoàn hảo cho những ai yêu thích phong cách đơn giản – năng động – tiện dụng, phù hợp cho nhiều mục đích sử dụng như đi học, đi làm, chạy bộ nhẹ, tập thể dục hay đi chơi hằng ngày. Với gam màu đen basic, đôi giày mang lại vẻ ngoài gọn gàng, sạch sẽ và rất dễ phối đồ.', 1, 1, '2025-12-31 17:40:24', '2025-12-31 17:40:24'),
(4, 'Giày nam đa năng đế mềm, giày trắng thoáng khí, giày thể thao ngoài trời, giày sneaker phong cách nam', 'Chất liệu cao su đúc, chống nước tốt', 1, 1, '2025-12-31 17:40:24', '2025-12-31 17:40:24'),
(5, 'Giày Nam MenShoes G236, Giày Thể Thao Nam Sneaker Mẫu Hot,Vải Thoáng Khí Chất Liệu Đế Cao Su Mềm Chống Trơn Trượt', 'Giày Nam MenShoes G236 là mẫu sneaker thể thao nam đang được ưa chuộng nhờ thiết kế hiện đại, trẻ trung cùng khả năng mang êm và bền bỉ. Đôi giày phù hợp cho nam giới yêu thích phong cách năng động – gọn gàng – tiện dụng, đáp ứng tốt nhu cầu đi học, đi làm, đi chơi hay vận động hằng ngày.', 1, 1, '2025-12-31 17:40:24', '2025-12-31 17:40:24'),
(6, 'Giày Nam, Giày Sneaker Nam Cổ Thấp Phong Cách Hàn Quốc - K22', 'Giày Sneaker Nam K22 là mẫu giày cổ thấp mang đậm phong cách Hàn Quốc trẻ trung, tối giản nhưng đầy tinh tế, phù hợp cho nam giới yêu thích sự gọn gàng, thời trang và tiện dụng trong sinh hoạt hằng ngày. Đây là lựa chọn lý tưởng cho đi học, đi làm, đi chơi hay dạo phố.', 1, 1, '2025-12-31 17:40:24', '2025-12-31 17:40:24'),
(7, 'Giày lười nam trung niên chất liệu da bò cao cấp, giày tặng cha', 'Giày lười nam trung niên da bò cao cấp là lựa chọn hoàn hảo dành cho các quý ông yêu thích sự đơn giản – lịch sự – thoải mái. Với thiết kế tinh tế cùng chất liệu da bò thật bền đẹp, đôi giày không chỉ mang lại cảm giác êm ái khi sử dụng mà còn thể hiện sự quan tâm, trân trọng khi dùng làm quà tặng cho cha, chú, bác hoặc người thân lớn tuổi.', 1, 1, '2025-12-31 17:40:24', '2025-12-31 17:40:24'),
(8, 'Giày Blazer Low 77 Jumbo Year of The Snake 3 màu hot 2025', 'Nike Blazer Low ’77 Jumbo – Year of The Snake là phiên bản đặc biệt lấy cảm hứng từ năm Tỵ, kết hợp giữa thiết kế Blazer cổ điển và phong cách Jumbo hiện đại, cá tính. Mẫu giày mang đậm dấu ấn thời trang 2025, phù hợp cho cả nam và nữ yêu thích sneaker độc đáo, khác biệt nhưng vẫn dễ phối đồ.', 1, 1, '2025-12-31 17:40:24', '2025-12-31 17:40:24'),
(9, 'Giày Onitsuka_tiger tokuten các màu nam nữ, giày Onitsuka bản cao cấp full boxx hot trend', 'Onitsuka Tiger Tokuten là dòng sneaker mang đậm tinh thần retro – thể thao – thời trang Nhật Bản, đang cực kỳ được ưa chuộng trong giới trẻ. Với thiết kế gọn gàng, dễ mang cùng nhiều màu sắc thời thượng, Tokuten phù hợp cho cả nam và nữ, đi học, đi chơi hay phối outfit streetwear đều rất nổi bật.', 1, 1, '2025-12-31 17:40:24', '2025-12-31 17:40:24'),
(10, 'Giày G.V.C giày Băng Đai Chéo. Đen, Xám bản quai chun độc đáo - giầy lười nam Hoot trend 2024', 'Giày G.V.C băng đai chéo là mẫu giày lười nam nổi bật với thiết kế quai chun đan chéo độc đáo, mang lại cảm giác mới lạ, cá tính nhưng vẫn cực kỳ tiện dụng. Phù hợp cho nam giới yêu thích phong cách năng động – gọn gàng – dễ mang, dùng hằng ngày từ đi làm, đi chơi đến dạo phố.', 1, 1, '2025-12-31 17:40:24', '2025-12-31 17:40:24'),
(11, 'Giày thể thao Vans_ 𝗞𝗻𝘂 𝗦𝗸𝗼𝗼𝗹 & 𝗜𝗺𝗿𝗮𝗻 𝗣𝗼𝘁𝗮𝘁𝗼 mẫu mới hàng Full Box', 'Vans Knu Skool & Imran Potato là những mẫu sneaker mới nổi bật trong làng streetwear, mang đậm tinh thần Y2K – retro – cá tính, đang được giới trẻ săn đón mạnh mẽ. Với thiết kế form to bản đặc trưng cùng các chi tiết độc đáo, đây là lựa chọn hoàn hảo cho những ai yêu thích phong cách bụi bặm, nổi bật và khác biệt.', 1, 1, '2025-12-31 17:40:24', '2025-12-31 17:40:24'),
(12, 'Giày MLB, Giày Boston, NY, LA \"FreeShip\" mới nhất hót nhất 2023 bản chuẩn.', 'iày MLB Boston – New York (NY) – Los Angeles (LA) là dòng sneaker thời trang đình đám, nổi bật với thiết kế chunky cá tính, logo đội bóng biểu tượng và phong cách streetwear hiện đại. Đây là lựa chọn được giới trẻ săn đón mạnh mẽ nhờ khả năng phối đồ dễ – mang êm – form đẹp, phù hợp cho cả nam và nữ.', 1, 1, '2025-12-31 17:40:24', '2025-12-31 17:40:24'),
(13, 'Dép Bánh Mì Yz Slide Bản Vân nhám và - Đế Cao Chất Lượng', 'Dép bánh mì YZ Slide bản vân nhám là mẫu dép thời trang tối giản nhưng cực kỳ nổi bật, lấy cảm hứng từ phong cách streetwear hiện đại. Với thiết kế đế cao bản dày cùng bề mặt vân nhám cá tính, đôi dép mang lại cảm giác êm – nhẹ – thời thượng, phù hợp cho cả nam và nữ sử dụng hằng ngày.', 1, 2, '2025-12-31 17:40:24', '2025-12-31 17:40:24'),
(14, 'Giày Conve_Chuck Taylor 1970s,Giày Thể Thao Conve Phong Cách Thời Trang Dành Cho Nam Và Nữ Full Box.', 'Converse Chuck Taylor 1970s (Chuck 70s) là dòng sneaker kinh điển được nâng cấp từ mẫu Chuck Taylor huyền thoại, mang đậm phong cách retro – thời trang – cá tính, phù hợp cho cả nam và nữ. Đây là mẫu giày luôn giữ vững sức hút qua nhiều năm và chưa bao giờ lỗi mốt.', 1, 1, '2025-12-31 17:40:24', '2025-12-31 17:40:24'),
(15, 'Giày SB 58 Nam Nữ – 2 Màu Hot  Sneaker Bản Cao Cấp – Full Bill, Box Đầy Đủ', 'Giày SB 58 là mẫu sneaker mang phong cách trẻ trung – năng động – dễ phối đồ, phù hợp cho cả nam và nữ. Với thiết kế gọn gàng, 2 phối màu basic thời thượng cùng form chuẩn dễ mang, SB 58 là lựa chọn lý tưởng cho đi học, đi chơi, dạo phố hằng ngày.', 1, 1, '2025-12-31 17:40:24', '2026-01-01 12:06:46'),
(16, 'Giày SB 58  sneaker', 'Giày SB 58 là mẫu sneaker mang phong cách trẻ trung – năng động – dễ phối đồ, phù hợp cho cả nam và nữ. Với thiết kế gọn gàng, 2 phối màu basic thời thượng cùng form chuẩn dễ mang, SB 58 là lựa chọn lý tưởng cho đi học, đi chơi, dạo phố hằng ngày.', 0, 1, '2025-12-31 17:40:24', '2026-01-03 20:54:23'),
(17, 'Giày Adidas Samba OG Đủ Các Màu Cho Nam Và Nữ,Giày Sneaker Bản Cao Cấp Full Bill Box', 'Adidas Samba OG là mẫu sneaker kinh điển vượt thời gian, luôn nằm trong top giày bán chạy nhờ thiết kế retro thể thao pha streetwear hiện đại. Với form dáng gọn gàng, dễ mang và bảng màu đa dạng, Samba OG phù hợp cho cả nam và nữ, đi học, đi chơi hay phối outfit hằng ngày đều rất đẹp.', 1, 1, '2025-12-31 17:40:24', '2025-12-31 17:40:24'),
(18, 'Dép siêu sao một mảnh chống nước cao 4cm, Unisex Hottrend 2025 D7737', 'Dép Siêu Sao D7737 là mẫu dép đúc nguyên khối (một mảnh) đang cực kỳ được ưa chuộng nhờ thiết kế tối giản, bền bỉ và khả năng chống nước vượt trội. Đế cao 4cm giúp tôn dáng nhẹ nhàng, phù hợp cho cả nam và nữ sử dụng hằng ngày theo phong cách năng động, hiện đại.', 1, 2, '2025-12-31 17:40:24', '2025-12-31 17:40:24'),
(19, 'Dép Quai Ngang Nam Nữ, Dép Nam Đẹp Sport , Giày Dép Đi Trong Nhà, Văn Phòng Mẫu Đẹp DP10', 'Dép quai ngang nam nữ DP10 mang phong cách thể thao đơn giản, phù hợp cho cả nam và nữ, dễ dàng sử dụng trong nhiều hoàn cảnh như đi trong nhà, đi văn phòng hoặc ra ngoài hằng ngày. Dép có thiết kế đẹp, form gọn gàng, dễ phối đồ, đế dép êm nhẹ giúp mang lâu không đau chân, tạo cảm giác thoải mái khi di chuyển. Sản phẩm phù hợp với nhiều độ tuổi, là lựa chọn tiện lợi cho sinh hoạt hằng ngày.', 1, 2, '2025-12-31 17:40:24', '2025-12-31 17:40:24'),
(20, 'Dép Nam L.V Quai Ngang - Dép Nam GC Mẫu Mới Hàng Full Cao Su Đế Dép Có LoGo Xịn Xò', 'Dép nam L.V quai ngang – dép nam GC mẫu mới được thiết kế theo phong cách thời trang hiện đại, nam tính, phù hợp đi chơi, đi dạo hoặc sử dụng hằng ngày. Dép làm từ cao su nguyên khối cao cấp, đế dày dặn, êm chân, hạn chế trơn trượt khi di chuyển. Phần quai ngang chắc chắn, ôm chân tốt, nổi bật với logo xịn xò tạo điểm nhấn sang trọng và đẳng cấp. Sản phẩm vừa bền đẹp vừa tiện lợi, dễ phối đồ, phù hợp cho nhiều độ tuổi nam giới.', 1, 2, '2025-12-31 17:40:24', '2025-12-31 17:40:24'),
(21, 'Dép Doctor LUXURY Cao Cấp Da Xuất Nhập, Bản Đế Vừa Lót Mút Êm Chân, Đế Cao Su Đúc Khâu Chỉ.', 'Dép Doctor LUXURY cao cấp da xuất nhập sở hữu thiết kế sang trọng, lịch lãm, phù hợp cho nam giới sử dụng hằng ngày hoặc làm quà tặng. Dép được làm từ chất liệu da cao cấp, mềm mại, bền đẹp theo thời gian. Phần lót mút êm chân giúp giảm mỏi khi đi lâu, tạo cảm giác thoải mái tối đa. Đế cao su đúc chắc chắn, khâu chỉ tỉ mỉ tăng độ bền và chống trơn trượt hiệu quả. Sản phẩm mang phong cách cao cấp, tinh tế, phù hợp nhiều độ tuổi và hoàn cảnh sử dụng.', 1, 2, '2025-12-31 17:40:24', '2025-12-31 17:40:24');

-- --------------------------------------------------------

--
-- Table structure for table `size`
--

CREATE TABLE `size` (
  `MaSize` int(11) NOT NULL,
  `TenSize` varchar(50) DEFAULT NULL
) ENGINE=InnoDB DEFAULT CHARSET=utf8mb4 COLLATE=utf8mb4_general_ci;

--
-- Dumping data for table `size`
--

INSERT INTO `size` (`MaSize`, `TenSize`) VALUES
(1, '36'),
(2, '37'),
(3, '38'),
(4, '39'),
(5, '40'),
(6, '41'),
(7, '42'),
(8, '43');

-- --------------------------------------------------------

--
-- Table structure for table `tinnhan`
--

CREATE TABLE `tinnhan` (
  `MaTN` int(11) NOT NULL,
  `NoiDung` text DEFAULT NULL,
  `ThoiGian` datetime DEFAULT current_timestamp(),
  `DaDoc` tinyint(1) DEFAULT 0,
  `MaPhongChat` int(11) DEFAULT NULL,
  `MaUser` int(11) DEFAULT NULL
) ENGINE=InnoDB DEFAULT CHARSET=utf8mb4 COLLATE=utf8mb4_general_ci;

-- --------------------------------------------------------

--
-- Table structure for table `user`
--

CREATE TABLE `user` (
  `MaUser` int(11) NOT NULL,
  `Username` varchar(255) NOT NULL,
  `Password` varchar(255) NOT NULL,
  `Email` varchar(255) DEFAULT NULL,
  `SDT` varchar(20) DEFAULT NULL,
  `DiaChi` text DEFAULT NULL,
  `LaAdmin` tinyint(1) DEFAULT 0,
  `Avatar` varchar(255) DEFAULT NULL,
  `Otp` char(11) DEFAULT NULL,
  `Otp_expires` datetime DEFAULT NULL,
  `CreatedAt` datetime DEFAULT current_timestamp(),
  `UpdatedAt` datetime DEFAULT current_timestamp() ON UPDATE current_timestamp(),
  `Status` int(11) DEFAULT 1
) ENGINE=InnoDB DEFAULT CHARSET=utf8mb4 COLLATE=utf8mb4_general_ci;

--
-- Dumping data for table `user`
--

INSERT INTO `user` (`MaUser`, `Username`, `Password`, `Email`, `SDT`, `DiaChi`, `LaAdmin`, `Avatar`, `Otp`, `Otp_expires`, `CreatedAt`, `UpdatedAt`, `Status`) VALUES
(1, 'nguyenvana', 'hash_password_here', 'vana@gmail.com', '0901234567', '123 Đường ABC, HCM', 0, NULL, NULL, NULL, '2026-01-01 22:37:44', '2026-01-01 22:37:44', 1),
(2, 'Nguyễn Văn A', '$2b$10$zk0JbDKJbjGGpKu8P7YPP.8buZ0t5l9Cbnr2RabUtuJa.Tfr.jeDS', 'nguyenvana@gmail.com', '0987654321', '123 Nguyễn Huệ, Quận 1, TP.HCM', 0, 'https://i.pravatar.cc/300?img=5', NULL, NULL, '2026-01-02 09:52:49', '2026-01-17 00:25:20', 1),
(3, 'Pham Tan Phat - PT', '$2b$10$Pkw8/vL.nbP/Kor.xWbNnedKIRx1MBVGIstS03TMLYPRrnaChGcoS', 'phamtanphat@gmail.com', '0783357733', 'Huyen Cai Lay - Tinh Tien Giang', 0, '1768666501980-scaled_32.png', NULL, NULL, '2026-01-02 09:55:12', '2026-01-19 14:24:33', 1),
(4, 'Nguyen Minh Cong', '$2b$10$zWXL0qDw0IsrJ88x.q3zYeY8nvrbc.JLfEYA0dzgfyldvXBDmVrP.', 'minhcong081205@gmail.com', '', '', 0, NULL, NULL, NULL, '2026-01-13 20:40:38', '2026-01-13 20:40:38', 1),
(5, 'Nguyen Minh Cong', '$2b$10$sr0kDJQ2LvWgrHEj.6HhGesFIfeMQe2Ptz2OfAvZHSwlm3kC3KPUq', 'nguyenminhcong123@gmail.com', '', '', 0, NULL, NULL, NULL, '2026-01-14 20:54:06', '2026-01-14 20:54:06', 1),
(6, 'Nguyen Minh Cong', '$2b$10$haeaNQY/ncoILJKBeKrUROzjf/j6h4J5Ha5K6Vi4.HNoKjPGkog..', 'nguyenminhcong05@gmail.com', '', '', 0, NULL, NULL, NULL, '2026-01-14 20:57:19', '2026-01-14 20:57:19', 1),
(7, 'Phạm Tấn Phát', '$2b$10$jQezc5aLgBJIT/9TZRKPMOpcgMwd3mSsuNNmd9lGUBXIg96Y2Aaua', 'phamtanphat@gmail.com', '0783357733', '', 0, NULL, NULL, NULL, '2026-01-17 11:01:32', '2026-01-17 11:02:49', 1),
(8, 'Nguyen Minh Cong - Tay Ninh', '$2b$10$SPoTYxA7U2uAnkxnYiSCb.nSffqy3OkB9mOke7OooNUMRRcJ0cYG2', 'nguyenminhcongg@gmail.com', '0783357733', '', 0, '1768661087960-scaled_32.png', NULL, NULL, '2026-01-17 11:56:27', '2026-01-17 22:47:18', 1),
(9, 'Nguyễn Minh Nhân Long An', '$2b$10$fd1E/hV1eCO1rIEVdzQvgeQHruJQSlp9FD9E8vTjpLSnth.6AtR16', 'nguyenminhnhan@gmail.com', '', '', 0, 'http://192.168.1.4:3001/uploads/avatar_default.jpg', NULL, NULL, '2026-01-17 12:09:42', '2026-01-17 14:49:48', 1),
(10, '1', '$2b$10$0z.Z9/sGQcYxk5ipByeIXOI.AmWWUvLXrkWQ9gf8BmV2mF8PV5S7e', 'phamtanphatt@gmail.com', '0783357722', '', 1, 'http://192.168.1.4:3001/uploads/avatar_default.jpg', NULL, NULL, '2026-01-17 12:16:01', '2026-01-18 13:30:27', 1);

-- --------------------------------------------------------

--
-- Table structure for table `voucher`
--

CREATE TABLE `voucher` (
  `MaVoucher` varchar(50) NOT NULL,
  `TenVoucher` varchar(255) DEFAULT NULL,
  `GiaTriGiam` int(11) DEFAULT NULL,
  `GiamToiDa` double DEFAULT NULL,
  `DonHangToiThieu` double DEFAULT NULL,
  `SoLuongTong` int(11) DEFAULT NULL,
  `Status` int(11) DEFAULT NULL,
  `NgayBatDau` datetime DEFAULT NULL,
  `NgayKetThuc` datetime DEFAULT NULL
) ENGINE=InnoDB DEFAULT CHARSET=utf8mb4 COLLATE=utf8mb4_general_ci;

--
-- Dumping data for table `voucher`
--

INSERT INTO `voucher` (`MaVoucher`, `TenVoucher`, `GiaTriGiam`, `GiamToiDa`, `DonHangToiThieu`, `SoLuongTong`, `Status`, `NgayBatDau`, `NgayKetThuc`) VALUES
('FREESHIP300', 'Tri ân khách hàng', 25000, 25000, 300000, 16, 1, '2026-01-10 00:00:00', '2026-02-28 23:59:59'),
('GIAM10', 'Giảm giá khai trương', 10, 50000, 200000, 89, 1, '2025-01-01 00:00:00', '2026-12-31 23:59:59'),
('NEWYEAR26', 'Chào xuân 2026', 20000, 20000, 150000, 15, 1, '2026-01-10 00:00:00', '2026-02-28 23:59:59'),
('SALE15OFF', 'Ưu đãi tháng 2', 15, 30000, 100000, 19, 1, '2026-01-10 00:00:00', '2026-02-28 23:59:59');

-- --------------------------------------------------------

--
-- Table structure for table `yeuthich`
--

CREATE TABLE `yeuthich` (
  `MaYT` int(11) NOT NULL,
  `MaUser` int(11) DEFAULT NULL,
  `MaSP` int(11) DEFAULT NULL
) ENGINE=InnoDB DEFAULT CHARSET=utf8mb4 COLLATE=utf8mb4_general_ci;

--
-- Dumping data for table `yeuthich`
--

INSERT INTO `yeuthich` (`MaYT`, `MaUser`, `MaSP`) VALUES
(13, 3, 11),
(15, 7, 3),
(17, 3, 3);

--
-- Indexes for dumped tables
--

--
-- Indexes for table `banner`
--
ALTER TABLE `banner`
  ADD PRIMARY KEY (`MaBanner`);

--
-- Indexes for table `chitietgiohang`
--
ALTER TABLE `chitietgiohang`
  ADD PRIMARY KEY (`MaCTGH`),
  ADD KEY `MaGH` (`MaGH`),
  ADD KEY `MaCTSP` (`MaCTSP`);

--
-- Indexes for table `chitiethoadon`
--
ALTER TABLE `chitiethoadon`
  ADD PRIMARY KEY (`MaCTHD`),
  ADD KEY `MaHD` (`MaHD`),
  ADD KEY `MaCTSP` (`MaCTSP`);

--
-- Indexes for table `chitietsanpham`
--
ALTER TABLE `chitietsanpham`
  ADD PRIMARY KEY (`MaCTSP`),
  ADD UNIQUE KEY `MaSP` (`MaSP`,`MaMau`,`MaSize`),
  ADD KEY `MaMau` (`MaMau`),
  ADD KEY `MaSize` (`MaSize`);

--
-- Indexes for table `danhgia`
--
ALTER TABLE `danhgia`
  ADD PRIMARY KEY (`MaDG`),
  ADD KEY `fk_dg_cthd` (`MaCTHD`),
  ADD KEY `idx_user_temp` (`MaUser`),
  ADD KEY `idx_ctsp_temp` (`MaCTSP`);

--
-- Indexes for table `diachi`
--
ALTER TABLE `diachi`
  ADD PRIMARY KEY (`MaDC`),
  ADD KEY `MaUser` (`MaUser`);

--
-- Indexes for table `giohang`
--
ALTER TABLE `giohang`
  ADD PRIMARY KEY (`MaGH`),
  ADD KEY `MaUser` (`MaUser`);

--
-- Indexes for table `hinhanh`
--
ALTER TABLE `hinhanh`
  ADD PRIMARY KEY (`MaHA`),
  ADD KEY `MaCTSP` (`MaCTSP`),
  ADD KEY `fk_hinhanh_mausac` (`MaMau`);

--
-- Indexes for table `hoadon`
--
ALTER TABLE `hoadon`
  ADD PRIMARY KEY (`MaHD`),
  ADD KEY `MaUser` (`MaUser`),
  ADD KEY `MaVoucher` (`MaVoucher`),
  ADD KEY `MaPVC` (`MaPVC`),
  ADD KEY `fk_hoadon_pttt` (`MaPT`);

--
-- Indexes for table `loaisanpham`
--
ALTER TABLE `loaisanpham`
  ADD PRIMARY KEY (`MaLoai`);

--
-- Indexes for table `mausac`
--
ALTER TABLE `mausac`
  ADD PRIMARY KEY (`MaMau`);

--
-- Indexes for table `phivanchuyen`
--
ALTER TABLE `phivanchuyen`
  ADD PRIMARY KEY (`MaPVC`);

--
-- Indexes for table `phongchat`
--
ALTER TABLE `phongchat`
  ADD PRIMARY KEY (`MaPhongChat`),
  ADD KEY `MaUserKhach` (`MaUserKhach`),
  ADD KEY `MaUserAdmin` (`MaUserAdmin`);

--
-- Indexes for table `phuongthucthanhtoan`
--
ALTER TABLE `phuongthucthanhtoan`
  ADD PRIMARY KEY (`MaPT`);

--
-- Indexes for table `revoked_tokens`
--
ALTER TABLE `revoked_tokens`
  ADD PRIMARY KEY (`id`);

--
-- Indexes for table `sanpham`
--
ALTER TABLE `sanpham`
  ADD PRIMARY KEY (`MaSP`),
  ADD KEY `MaLoai` (`MaLoai`);

--
-- Indexes for table `size`
--
ALTER TABLE `size`
  ADD PRIMARY KEY (`MaSize`);

--
-- Indexes for table `tinnhan`
--
ALTER TABLE `tinnhan`
  ADD PRIMARY KEY (`MaTN`),
  ADD KEY `MaPhongChat` (`MaPhongChat`),
  ADD KEY `MaUser` (`MaUser`);

--
-- Indexes for table `user`
--
ALTER TABLE `user`
  ADD PRIMARY KEY (`MaUser`);

--
-- Indexes for table `voucher`
--
ALTER TABLE `voucher`
  ADD PRIMARY KEY (`MaVoucher`);

--
-- Indexes for table `yeuthich`
--
ALTER TABLE `yeuthich`
  ADD PRIMARY KEY (`MaYT`),
  ADD KEY `MaUser` (`MaUser`),
  ADD KEY `fk_yeuthich_sanpham` (`MaSP`);

--
-- AUTO_INCREMENT for dumped tables
--

--
-- AUTO_INCREMENT for table `banner`
--
ALTER TABLE `banner`
  MODIFY `MaBanner` int(11) NOT NULL AUTO_INCREMENT, AUTO_INCREMENT=5;

--
-- AUTO_INCREMENT for table `chitietgiohang`
--
ALTER TABLE `chitietgiohang`
  MODIFY `MaCTGH` int(11) NOT NULL AUTO_INCREMENT, AUTO_INCREMENT=52;

--
-- AUTO_INCREMENT for table `chitiethoadon`
--
ALTER TABLE `chitiethoadon`
  MODIFY `MaCTHD` int(11) NOT NULL AUTO_INCREMENT, AUTO_INCREMENT=47;

--
-- AUTO_INCREMENT for table `chitietsanpham`
--
ALTER TABLE `chitietsanpham`
  MODIFY `MaCTSP` int(11) NOT NULL AUTO_INCREMENT, AUTO_INCREMENT=505;

--
-- AUTO_INCREMENT for table `danhgia`
--
ALTER TABLE `danhgia`
  MODIFY `MaDG` int(11) NOT NULL AUTO_INCREMENT, AUTO_INCREMENT=65;

--
-- AUTO_INCREMENT for table `diachi`
--
ALTER TABLE `diachi`
  MODIFY `MaDC` int(11) NOT NULL AUTO_INCREMENT, AUTO_INCREMENT=59;

--
-- AUTO_INCREMENT for table `giohang`
--
ALTER TABLE `giohang`
  MODIFY `MaGH` int(11) NOT NULL AUTO_INCREMENT, AUTO_INCREMENT=8;

--
-- AUTO_INCREMENT for table `hinhanh`
--
ALTER TABLE `hinhanh`
  MODIFY `MaHA` int(11) NOT NULL AUTO_INCREMENT, AUTO_INCREMENT=106;

--
-- AUTO_INCREMENT for table `hoadon`
--
ALTER TABLE `hoadon`
  MODIFY `MaHD` int(11) NOT NULL AUTO_INCREMENT, AUTO_INCREMENT=41;

--
-- AUTO_INCREMENT for table `loaisanpham`
--
ALTER TABLE `loaisanpham`
  MODIFY `MaLoai` int(11) NOT NULL AUTO_INCREMENT, AUTO_INCREMENT=3;

--
-- AUTO_INCREMENT for table `mausac`
--
ALTER TABLE `mausac`
  MODIFY `MaMau` int(11) NOT NULL AUTO_INCREMENT, AUTO_INCREMENT=24;

--
-- AUTO_INCREMENT for table `phivanchuyen`
--
ALTER TABLE `phivanchuyen`
  MODIFY `MaPVC` int(11) NOT NULL AUTO_INCREMENT, AUTO_INCREMENT=10;

--
-- AUTO_INCREMENT for table `phongchat`
--
ALTER TABLE `phongchat`
  MODIFY `MaPhongChat` int(11) NOT NULL AUTO_INCREMENT;

--
-- AUTO_INCREMENT for table `phuongthucthanhtoan`
--
ALTER TABLE `phuongthucthanhtoan`
  MODIFY `MaPT` int(11) NOT NULL AUTO_INCREMENT, AUTO_INCREMENT=4;

--
-- AUTO_INCREMENT for table `revoked_tokens`
--
ALTER TABLE `revoked_tokens`
  MODIFY `id` int(11) NOT NULL AUTO_INCREMENT, AUTO_INCREMENT=37;

--
-- AUTO_INCREMENT for table `sanpham`
--
ALTER TABLE `sanpham`
  MODIFY `MaSP` int(11) NOT NULL AUTO_INCREMENT, AUTO_INCREMENT=22;

--
-- AUTO_INCREMENT for table `size`
--
ALTER TABLE `size`
  MODIFY `MaSize` int(11) NOT NULL AUTO_INCREMENT, AUTO_INCREMENT=9;

--
-- AUTO_INCREMENT for table `tinnhan`
--
ALTER TABLE `tinnhan`
  MODIFY `MaTN` int(11) NOT NULL AUTO_INCREMENT;

--
-- AUTO_INCREMENT for table `user`
--
ALTER TABLE `user`
  MODIFY `MaUser` int(11) NOT NULL AUTO_INCREMENT, AUTO_INCREMENT=11;

--
-- AUTO_INCREMENT for table `yeuthich`
--
ALTER TABLE `yeuthich`
  MODIFY `MaYT` int(11) NOT NULL AUTO_INCREMENT, AUTO_INCREMENT=18;

--
-- Constraints for dumped tables
--

--
-- Constraints for table `chitietgiohang`
--
ALTER TABLE `chitietgiohang`
  ADD CONSTRAINT `chitietgiohang_ibfk_1` FOREIGN KEY (`MaGH`) REFERENCES `giohang` (`MaGH`),
  ADD CONSTRAINT `chitietgiohang_ibfk_2` FOREIGN KEY (`MaCTSP`) REFERENCES `chitietsanpham` (`MaCTSP`);

--
-- Constraints for table `chitiethoadon`
--
ALTER TABLE `chitiethoadon`
  ADD CONSTRAINT `chitiethoadon_ibfk_1` FOREIGN KEY (`MaHD`) REFERENCES `hoadon` (`MaHD`),
  ADD CONSTRAINT `chitiethoadon_ibfk_2` FOREIGN KEY (`MaCTSP`) REFERENCES `chitietsanpham` (`MaCTSP`);

--
-- Constraints for table `chitietsanpham`
--
ALTER TABLE `chitietsanpham`
  ADD CONSTRAINT `chitietsanpham_ibfk_1` FOREIGN KEY (`MaSP`) REFERENCES `sanpham` (`MaSP`),
  ADD CONSTRAINT `chitietsanpham_ibfk_2` FOREIGN KEY (`MaMau`) REFERENCES `mausac` (`MaMau`),
  ADD CONSTRAINT `chitietsanpham_ibfk_3` FOREIGN KEY (`MaSize`) REFERENCES `size` (`MaSize`);

--
-- Constraints for table `danhgia`
--
ALTER TABLE `danhgia`
  ADD CONSTRAINT `danhgia_ibfk_1` FOREIGN KEY (`MaUser`) REFERENCES `user` (`MaUser`),
  ADD CONSTRAINT `fk_dg_cthd` FOREIGN KEY (`MaCTHD`) REFERENCES `chitiethoadon` (`MaCTHD`);

--
-- Constraints for table `diachi`
--
ALTER TABLE `diachi`
  ADD CONSTRAINT `diachi_ibfk_1` FOREIGN KEY (`MaUser`) REFERENCES `user` (`MaUser`);

--
-- Constraints for table `giohang`
--
ALTER TABLE `giohang`
  ADD CONSTRAINT `giohang_ibfk_1` FOREIGN KEY (`MaUser`) REFERENCES `user` (`MaUser`);

--
-- Constraints for table `hinhanh`
--
ALTER TABLE `hinhanh`
  ADD CONSTRAINT `fk_hinhanh_mausac` FOREIGN KEY (`MaMau`) REFERENCES `mausac` (`MaMau`),
  ADD CONSTRAINT `hinhanh_ibfk_1` FOREIGN KEY (`MaCTSP`) REFERENCES `chitietsanpham` (`MaCTSP`);

--
-- Constraints for table `hoadon`
--
ALTER TABLE `hoadon`
  ADD CONSTRAINT `fk_hoadon_pttt` FOREIGN KEY (`MaPT`) REFERENCES `phuongthucthanhtoan` (`MaPT`),
  ADD CONSTRAINT `hoadon_ibfk_1` FOREIGN KEY (`MaUser`) REFERENCES `user` (`MaUser`),
  ADD CONSTRAINT `hoadon_ibfk_2` FOREIGN KEY (`MaVoucher`) REFERENCES `voucher` (`MaVoucher`),
  ADD CONSTRAINT `hoadon_ibfk_3` FOREIGN KEY (`MaPVC`) REFERENCES `phivanchuyen` (`MaPVC`);

--
-- Constraints for table `phongchat`
--
ALTER TABLE `phongchat`
  ADD CONSTRAINT `phongchat_ibfk_1` FOREIGN KEY (`MaUserKhach`) REFERENCES `user` (`MaUser`),
  ADD CONSTRAINT `phongchat_ibfk_2` FOREIGN KEY (`MaUserAdmin`) REFERENCES `user` (`MaUser`);

--
-- Constraints for table `sanpham`
--
ALTER TABLE `sanpham`
  ADD CONSTRAINT `sanpham_ibfk_1` FOREIGN KEY (`MaLoai`) REFERENCES `loaisanpham` (`MaLoai`);

--
-- Constraints for table `tinnhan`
--
ALTER TABLE `tinnhan`
  ADD CONSTRAINT `tinnhan_ibfk_1` FOREIGN KEY (`MaPhongChat`) REFERENCES `phongchat` (`MaPhongChat`),
  ADD CONSTRAINT `tinnhan_ibfk_2` FOREIGN KEY (`MaUser`) REFERENCES `user` (`MaUser`);

--
-- Constraints for table `yeuthich`
--
ALTER TABLE `yeuthich`
  ADD CONSTRAINT `fk_yeuthich_sanpham` FOREIGN KEY (`MaSP`) REFERENCES `sanpham` (`MaSP`) ON DELETE CASCADE,
  ADD CONSTRAINT `yeuthich_ibfk_2` FOREIGN KEY (`MaUser`) REFERENCES `user` (`MaUser`);
COMMIT;

/*!40101 SET CHARACTER_SET_CLIENT=@OLD_CHARACTER_SET_CLIENT */;
/*!40101 SET CHARACTER_SET_RESULTS=@OLD_CHARACTER_SET_RESULTS */;
/*!40101 SET COLLATION_CONNECTION=@OLD_COLLATION_CONNECTION */;
